DROP TABLE conveyor_msg_record;
CREATE TABLE conveyor_msg_record ( id varchar(64) NOT NULL, msg_task varchar(64) NOT NULL, target varchar(100) NOT NULL, title varchar(100) NOT NULL, content text, send_time datetime NOT NULL, send_result varchar(10), create_time datetime, msg_template varchar(64) NOT NULL, msg_type varchar(10) NOT NULL, PRIMARY KEY (id) ) ENGINE=InnoDB DEFAULT CHARSET=utf8;
insert into conveyor_msg_record (id, msg_task, target, title, content, send_time, send_result, create_time, msg_template, msg_type) values ('6398afdd3e3e424f93c1f5b41954eaae', '12321312321', '12312312313', '12313123213', '12321321321313', '2017-08-12 20:41:30', '0', '2017-08-12 20:41:35', '12321321', 'SMS');
DROP TABLE conveyor_msg_task;
CREATE TABLE conveyor_msg_task ( id varchar(64) NOT NULL, rec_name varchar(100) NOT NULL, rec_email varchar(100) NOT NULL, rec_mobile varchar(20) NOT NULL, msg_template varchar(64) NOT NULL, send_type varchar(20) NOT NULL, send_status varchar(20) NOT NULL, task_type varchar(10) NOT NULL, send_date_lmt_st datetime, send_date_lmt_ed datetime, send_time_lmt varchar(100), priority int DEFAULT '0' NOT NULL, create_by varchar(64) NOT NULL, create_date datetime NOT NULL, update_by varchar(64) NOT NULL, update_date datetime NOT NULL, del_flag char(1) NOT NULL, PRIMARY KEY (id) ) ENGINE=InnoDB DEFAULT CHARSET=utf8;
insert into conveyor_msg_task (id, rec_name, rec_email, rec_mobile, msg_template, send_type, send_status, task_type, send_date_lmt_st, send_date_lmt_ed, send_time_lmt, priority, create_by, create_date, update_by, update_date, del_flag) values ('1a72c0c77eab41d89aa0f4a1ff1f16e1', '张三', '110@qq.com', '13022433001', '12321321321321', 'EMAIL,SMS', '0', '0', '2017-08-12 19:13:20', '2017-08-19 19:13:22', '8,9,10', 10, '1', '2017-08-12 19:13:42', '1', '2017-08-12 20:15:54', '0');
DROP TABLE conveyor_msg_template;
CREATE TABLE conveyor_msg_template ( id varchar(64) NOT NULL, source varchar(100) NOT NULL, title varchar(100) NOT NULL, content text, params text, audit_status varchar(20), audit_by varchar(64), create_by varchar(64) NOT NULL, create_date datetime NOT NULL, update_by varchar(64) NOT NULL, update_date datetime NOT NULL, del_flag char(1) NOT NULL, PRIMARY KEY (id) ) ENGINE=InnoDB DEFAULT CHARSET=utf8;
insert into conveyor_msg_template (id, source, title, content, params, audit_status, audit_by, create_by, create_date, update_by, update_date, del_flag) values ('77de4f4abee54b9bb29a4613f50e6614', 'UChoice', '测试标题', '测试消息内容，哈哈啊哈哈哈哈', '{
&quot;name&quot;:&quot;params.name&quot;
}', '0', '', '1', '2017-08-12 17:50:38', '1', '2017-08-12 17:50:38', '0');
DROP TABLE gen_scheme;
CREATE TABLE gen_scheme ( id varchar(64) NOT NULL COMMENT '编号', name varchar(200) COMMENT '名称', category varchar(2000) COMMENT '分类', package_name varchar(500) COMMENT '生成包路径', module_name varchar(30) COMMENT '生成模块名', sub_module_name varchar(30) COMMENT '生成子模块名', function_name varchar(500) COMMENT '生成功能名', function_name_simple varchar(100) COMMENT '生成功能名（简写）', function_author varchar(100) COMMENT '生成功能作者', gen_table_id varchar(200) COMMENT '生成表编号', create_by varchar(64) COMMENT '创建者', create_date datetime COMMENT '创建时间', update_by varchar(64) COMMENT '更新者', update_date datetime COMMENT '更新时间', remarks varchar(255) COMMENT '备注信息', del_flag char(1) DEFAULT '0' NOT NULL COMMENT '删除标记（0：正常；1：删除）', PRIMARY KEY (id) ) ENGINE=InnoDB DEFAULT CHARSET=utf8 COMMENT='生成方案';
insert into gen_scheme (id, name, category, package_name, module_name, sub_module_name, function_name, function_name_simple, function_author, gen_table_id, create_by, create_date, update_by, update_date, remarks, del_flag) values ('0797361f315341c699f4ecc44c420eb5', '发送任务', 'curd', 'net.uchoice.conveyor.modules', 'task', '', '发送任务', '发送任务', 'seam', '082599e83d884ab5ab9150f71d356639', '1', '2017-08-12 19:04:03', '1', '2017-08-12 19:04:03', '', '0');
insert into gen_scheme (id, name, category, package_name, module_name, sub_module_name, function_name, function_name_simple, function_author, gen_table_id, create_by, create_date, update_by, update_date, remarks, del_flag) values ('15e42a64e3be4b79a914115f26871b93', '文档管理', 'curd', 'com.thinkgem.jeesite.modules', 'word', '', '文档管理', '文档', 'seam', 'e37f2ee7349f4a10b9382ad6916f5e5c', '1', '2015-12-17 15:48:49', '1', '2015-12-17 15:48:49', '', '0');
insert into gen_scheme (id, name, category, package_name, module_name, sub_module_name, function_name, function_name_simple, function_author, gen_table_id, create_by, create_date, update_by, update_date, remarks, del_flag) values ('1799f65f3fdb4f8b8dc733ba3274706f', '消息模板', 'curd', 'net.uchoice.conveyor.modules', 'template', '', '消息模板', '消息模板', 'seam', '4d7a6a9625f74f8d84de31efcd01b639', '1', '2017-08-12 17:24:16', '1', '2017-08-12 17:44:00', '', '0');
insert into gen_scheme (id, name, category, package_name, module_name, sub_module_name, function_name, function_name_simple, function_author, gen_table_id, create_by, create_date, update_by, update_date, remarks, del_flag) values ('1d032136f00646cfa7ab8577541c7216', '图片管理', 'curd', 'com.thinkgem.jeesite.modules', 'pic', '', '图片管理', '图片', 'mrl', '526a5912f50546739ec59a77fef96c6a', '1', '2015-12-20 13:21:33', '1', '2015-12-20 14:30:01', '', '0');
insert into gen_scheme (id, name, category, package_name, module_name, sub_module_name, function_name, function_name_simple, function_author, gen_table_id, create_by, create_date, update_by, update_date, remarks, del_flag) values ('35a13dc260284a728a270db3f382664b', '树结构', 'treeTable', 'com.thinkgem.jeesite.modules', 'test', null, '树结构生成', '树结构', 'ThinkGem', 'f6e4dafaa72f4c509636484715f33a96', '1', '2013-08-12 13:10:05', '1', '2013-08-12 13:10:05', null, '0');
insert into gen_scheme (id, name, category, package_name, module_name, sub_module_name, function_name, function_name_simple, function_author, gen_table_id, create_by, create_date, update_by, update_date, remarks, del_flag) values ('9c9de9db6da743bb899036c6546061ac', '单表', 'curd', 'com.thinkgem.jeesite.modules', 'test', null, '单表生成', '单表', 'ThinkGem', 'aef6f1fc948f4c9ab1c1b780bc471cc2', '1', '2013-08-12 13:10:05', '1', '2013-08-12 13:10:05', null, '0');
insert into gen_scheme (id, name, category, package_name, module_name, sub_module_name, function_name, function_name_simple, function_author, gen_table_id, create_by, create_date, update_by, update_date, remarks, del_flag) values ('a3fc1dd4b13347eda09101ff93d9d112', '视频管理', 'curd', 'com.thinkgem.jeesite.modules', 'video', '', '视频管理', '视频', 'mrl', '0c18c6a42d2448f8998dcd19587af2b3', '1', '2015-12-21 19:01:27', '1', '2015-12-21 19:08:51', '', '0');
insert into gen_scheme (id, name, category, package_name, module_name, sub_module_name, function_name, function_name_simple, function_author, gen_table_id, create_by, create_date, update_by, update_date, remarks, del_flag) values ('c70211261a2e415d90c4c9d15bd1f7d7', '消息记录', 'curd', 'net.uchoice.conveyor.modules', 'recored', '', '消息记录', '消息记录', 'seam', 'c6664c3c3e184530baf35107fec6797f', '1', '2017-08-12 20:24:29', '1', '2017-08-12 20:35:51', '', '0');
insert into gen_scheme (id, name, category, package_name, module_name, sub_module_name, function_name, function_name_simple, function_author, gen_table_id, create_by, create_date, update_by, update_date, remarks, del_flag) values ('e6d905fd236b46d1af581dd32bdfb3b0', '主子表', 'curd_many', 'com.thinkgem.jeesite.modules', 'test', null, '主子表生成', '主子表', 'ThinkGem', '43d6d5acffa14c258340ce6765e46c6f', '1', '2013-08-12 13:10:05', '1', '2013-08-12 13:10:05', null, '0');
DROP TABLE gen_table;
CREATE TABLE gen_table ( id varchar(64) NOT NULL COMMENT '编号', name varchar(200) COMMENT '名称', comments varchar(500) COMMENT '描述', class_name varchar(100) COMMENT '实体类名称', parent_table varchar(200) COMMENT '关联父表', parent_table_fk varchar(100) COMMENT '关联父表外键', create_by varchar(64) COMMENT '创建者', create_date datetime COMMENT '创建时间', update_by varchar(64) COMMENT '更新者', update_date datetime COMMENT '更新时间', remarks varchar(255) COMMENT '备注信息', del_flag char(1) DEFAULT '0' NOT NULL COMMENT '删除标记（0：正常；1：删除）', PRIMARY KEY (id) ) ENGINE=InnoDB DEFAULT CHARSET=utf8 COMMENT='业务表';
insert into gen_table (id, name, comments, class_name, parent_table, parent_table_fk, create_by, create_date, update_by, update_date, remarks, del_flag) values ('082599e83d884ab5ab9150f71d356639', 'conveyor_msg_task', 'conveyor_msg_task', 'ConveyorMsgTask', '', '', '1', '2017-08-12 19:03:14', '1', '2017-08-12 19:03:14', '', '0');
insert into gen_table (id, name, comments, class_name, parent_table, parent_table_fk, create_by, create_date, update_by, update_date, remarks, del_flag) values ('0c18c6a42d2448f8998dcd19587af2b3', 'rms_video', 'InnoDB free: 4096 kB', 'RmsVideo', '', '', '1', '2015-12-21 18:57:34', '1', '2015-12-21 19:00:54', '', '0');
insert into gen_table (id, name, comments, class_name, parent_table, parent_table_fk, create_by, create_date, update_by, update_date, remarks, del_flag) values ('43d6d5acffa14c258340ce6765e46c6f', 'test_data_main', '业务数据表', 'TestDataMain', null, null, '1', '2013-08-12 13:10:05', '1', '2013-08-12 13:10:05', null, '0');
insert into gen_table (id, name, comments, class_name, parent_table, parent_table_fk, create_by, create_date, update_by, update_date, remarks, del_flag) values ('4d7a6a9625f74f8d84de31efcd01b639', 'conveyor_msg_template', 'conveyor_msg_template', 'ConveyorMsgTemplate', '', '', '1', '2017-08-12 17:21:57', '1', '2017-08-12 17:43:19', '', '0');
insert into gen_table (id, name, comments, class_name, parent_table, parent_table_fk, create_by, create_date, update_by, update_date, remarks, del_flag) values ('526a5912f50546739ec59a77fef96c6a', 'rms_pic', 'InnoDB free: 4096 kB', 'RmsPic', '', '', '1', '2015-12-20 13:14:36', '1', '2015-12-20 14:29:50', '', '0');
insert into gen_table (id, name, comments, class_name, parent_table, parent_table_fk, create_by, create_date, update_by, update_date, remarks, del_flag) values ('6e05c389f3c6415ea34e55e9dfb28934', 'test_data_child', '业务数据子表', 'TestDataChild', 'test_data_main', 'test_data_main_id', '1', '2013-08-12 13:10:05', '1', '2013-08-12 13:10:05', null, '0');
insert into gen_table (id, name, comments, class_name, parent_table, parent_table_fk, create_by, create_date, update_by, update_date, remarks, del_flag) values ('aef6f1fc948f4c9ab1c1b780bc471cc2', 'test_data', '业务数据表', 'TestData', null, null, '1', '2013-08-12 13:10:05', '1', '2013-08-12 13:10:05', null, '0');
insert into gen_table (id, name, comments, class_name, parent_table, parent_table_fk, create_by, create_date, update_by, update_date, remarks, del_flag) values ('c6664c3c3e184530baf35107fec6797f', 'conveyor_msg_record', 'conveyor_msg_record', 'ConveyorMsgRecord', '', '', '1', '2017-08-12 20:23:54', '1', '2017-08-12 20:35:25', '', '0');
insert into gen_table (id, name, comments, class_name, parent_table, parent_table_fk, create_by, create_date, update_by, update_date, remarks, del_flag) values ('e37f2ee7349f4a10b9382ad6916f5e5c', 'rms_word', '文档附件; InnoDB free: 5120 kB', 'RmsWord', '', '', '1', '2015-12-17 15:46:50', '1', '2015-12-17 15:46:50', '', '0');
insert into gen_table (id, name, comments, class_name, parent_table, parent_table_fk, create_by, create_date, update_by, update_date, remarks, del_flag) values ('f6e4dafaa72f4c509636484715f33a96', 'test_tree', '树结构表', 'TestTree', null, null, '1', '2013-08-12 13:10:05', '1', '2013-08-12 13:10:05', null, '0');
DROP TABLE gen_table_column;
CREATE TABLE gen_table_column ( id varchar(64) NOT NULL COMMENT '编号', gen_table_id varchar(64) COMMENT '归属表编号', name varchar(200) COMMENT '名称', comments varchar(500) COMMENT '描述', jdbc_type varchar(100) COMMENT '列的数据类型的字节长度', java_type varchar(500) COMMENT 'JAVA类型', java_field varchar(200) COMMENT 'JAVA字段名', is_pk char(1) COMMENT '是否主键', is_null char(1) COMMENT '是否可为空', is_insert char(1) COMMENT '是否为插入字段', is_edit char(1) COMMENT '是否编辑字段', is_list char(1) COMMENT '是否列表字段', is_query char(1) COMMENT '是否查询字段', query_type varchar(200) COMMENT '查询方式（等于、不等于、大于、小于、范围、左LIKE、右LIKE、左右LIKE）', show_type varchar(200) COMMENT '字段生成方案（文本框、文本域、下拉框、复选框、单选框、字典选择、人员选择、部门选择、区域选择）', dict_type varchar(200) COMMENT '字典类型', settings varchar(2000) COMMENT '其它设置（扩展字段JSON）', sort decimal COMMENT '排序（升序）', create_by varchar(64) COMMENT '创建者', create_date datetime COMMENT '创建时间', update_by varchar(64) COMMENT '更新者', update_date datetime COMMENT '更新时间', remarks varchar(255) COMMENT '备注信息', del_flag char(1) DEFAULT '0' NOT NULL COMMENT '删除标记（0：正常；1：删除）', PRIMARY KEY (id) ) ENGINE=InnoDB DEFAULT CHARSET=utf8 COMMENT='业务表字段';
insert into gen_table_column (id, gen_table_id, name, comments, jdbc_type, java_type, java_field, is_pk, is_null, is_insert, is_edit, is_list, is_query, query_type, show_type, dict_type, settings, sort, create_by, create_date, update_by, update_date, remarks, del_flag) values ('01de21c2526744c1af233d22657d6f31', '4d7a6a9625f74f8d84de31efcd01b639', 'params', '参数', 'text', 'String', 'params', '0', '1', '1', '1', '0', '0', '=', 'textarea', '', null, 50, '1', '2017-08-12 17:21:57', '1', '2017-08-12 17:43:19', null, '0');
insert into gen_table_column (id, gen_table_id, name, comments, jdbc_type, java_type, java_field, is_pk, is_null, is_insert, is_edit, is_list, is_query, query_type, show_type, dict_type, settings, sort, create_by, create_date, update_by, update_date, remarks, del_flag) values ('060b604872014af9b53b6d565bc497db', '082599e83d884ab5ab9150f71d356639', 'create_by', '创建人', 'varchar(64)', 'net.uchoice.conveyor.modules.sys.entity.User', 'createBy.id', '0', '0', '1', '1', '1', '1', '=', 'userselect', '', null, 130, '1', '2017-08-12 19:03:14', '1', '2017-08-12 19:03:14', null, '0');
insert into gen_table_column (id, gen_table_id, name, comments, jdbc_type, java_type, java_field, is_pk, is_null, is_insert, is_edit, is_list, is_query, query_type, show_type, dict_type, settings, sort, create_by, create_date, update_by, update_date, remarks, del_flag) values ('06d7acecff6846f88573c17aa7ef2215', '526a5912f50546739ec59a77fef96c6a', 'files', '图片', 'varchar(2000)', 'String', 'files', '0', '0', '1', '1', '0', '0', '=', 'fileselect', '', null, 50, '1', '2015-12-20 13:14:36', '1', '2015-12-20 14:29:50', null, '0');
insert into gen_table_column (id, gen_table_id, name, comments, jdbc_type, java_type, java_field, is_pk, is_null, is_insert, is_edit, is_list, is_query, query_type, show_type, dict_type, settings, sort, create_by, create_date, update_by, update_date, remarks, del_flag) values ('0902a0cb3e8f434280c20e9d771d0658', 'aef6f1fc948f4c9ab1c1b780bc471cc2', 'sex', '性别', 'char(1)', 'String', 'sex', '0', '1', '1', '1', '1', '1', '=', 'radiobox', 'sex', null, 6, '1', '2013-08-12 13:10:05', '1', '2013-08-12 13:10:05', null, '0');
insert into gen_table_column (id, gen_table_id, name, comments, jdbc_type, java_type, java_field, is_pk, is_null, is_insert, is_edit, is_list, is_query, query_type, show_type, dict_type, settings, sort, create_by, create_date, update_by, update_date, remarks, del_flag) values ('103fc05c88ff40639875c2111881996a', 'aef6f1fc948f4c9ab1c1b780bc471cc2', 'create_date', '创建时间', 'timestamp(6)', 'java.util.Date', 'createDate', '0', '0', '1', '0', '0', '0', '=', 'dateselect', null, null, 9, '1', '2013-08-12 13:10:05', '1', '2013-08-12 13:10:05', null, '0');
insert into gen_table_column (id, gen_table_id, name, comments, jdbc_type, java_type, java_field, is_pk, is_null, is_insert, is_edit, is_list, is_query, query_type, show_type, dict_type, settings, sort, create_by, create_date, update_by, update_date, remarks, del_flag) values ('121abc4bfbf04f9c82a8f12efc174297', '082599e83d884ab5ab9150f71d356639', 'msg_template', '消息模板', 'varchar(64)', 'String', 'msgTemplate', '0', '0', '1', '1', '1', '1', '=', 'input', '', null, 50, '1', '2017-08-12 19:03:14', '1', '2017-08-12 19:03:14', null, '0');
insert into gen_table_column (id, gen_table_id, name, comments, jdbc_type, java_type, java_field, is_pk, is_null, is_insert, is_edit, is_list, is_query, query_type, show_type, dict_type, settings, sort, create_by, create_date, update_by, update_date, remarks, del_flag) values ('12fa38dd986e41908f7fefa5839d1220', '6e05c389f3c6415ea34e55e9dfb28934', 'create_by', '创建者', 'varchar2(64)', 'com.thinkgem.jeesite.modules.modules.sys.entity.User', 'createBy.id', '0', '0', '1', '0', '0', '0', '=', 'input', null, null, 4, '1', '2013-08-12 13:10:05', '1', '2013-08-12 13:10:05', null, '0');
insert into gen_table_column (id, gen_table_id, name, comments, jdbc_type, java_type, java_field, is_pk, is_null, is_insert, is_edit, is_list, is_query, query_type, show_type, dict_type, settings, sort, create_by, create_date, update_by, update_date, remarks, del_flag) values ('15fe48d5a3f246a2bfe7b89b3bb1f864', 'c6664c3c3e184530baf35107fec6797f', 'msg_type', '消息类型', 'varchar(10)', 'String', 'msgType', '0', '0', '1', '1', '1', '1', '=', 'select', 'msg_type', null, 13, '1', '2017-08-12 20:35:25', '1', '2017-08-12 20:35:25', null, '0');
insert into gen_table_column (id, gen_table_id, name, comments, jdbc_type, java_type, java_field, is_pk, is_null, is_insert, is_edit, is_list, is_query, query_type, show_type, dict_type, settings, sort, create_by, create_date, update_by, update_date, remarks, del_flag) values ('18a0c673051d4672af2775f31dff61eb', '526a5912f50546739ec59a77fef96c6a', 'collect_time', '采集时间', 'datetime', 'java.util.Date', 'collectTime', '0', '0', '1', '1', '1', '1', '=', 'dateselect', '', null, 60, '1', '2015-12-20 13:14:36', '1', '2015-12-20 14:29:50', null, '0');
insert into gen_table_column (id, gen_table_id, name, comments, jdbc_type, java_type, java_field, is_pk, is_null, is_insert, is_edit, is_list, is_query, query_type, show_type, dict_type, settings, sort, create_by, create_date, update_by, update_date, remarks, del_flag) values ('195ee9241f954d008fe01625f4adbfef', 'f6e4dafaa72f4c509636484715f33a96', 'create_by', '创建者', 'varchar2(64)', 'com.thinkgem.jeesite.modules.modules.sys.entity.User', 'createBy.id', '0', '0', '1', '0', '0', '0', '=', 'input', null, null, 6, '1', '2013-08-12 13:10:05', '1', '2013-08-12 13:10:05', null, '0');
insert into gen_table_column (id, gen_table_id, name, comments, jdbc_type, java_type, java_field, is_pk, is_null, is_insert, is_edit, is_list, is_query, query_type, show_type, dict_type, settings, sort, create_by, create_date, update_by, update_date, remarks, del_flag) values ('19c6478b8ff54c60910c2e4fc3d27503', '43d6d5acffa14c258340ce6765e46c6f', 'id', '编号', 'varchar2(64)', 'String', 'id', '1', '0', '1', '0', '0', '0', '=', 'input', null, null, 1, '1', '2013-08-12 13:10:05', '1', '2013-08-12 13:10:05', null, '0');
insert into gen_table_column (id, gen_table_id, name, comments, jdbc_type, java_type, java_field, is_pk, is_null, is_insert, is_edit, is_list, is_query, query_type, show_type, dict_type, settings, sort, create_by, create_date, update_by, update_date, remarks, del_flag) values ('1a5c2d6721614f3586cf839a9392a6a2', '526a5912f50546739ec59a77fef96c6a', 'update_by', '更新者', 'varchar(64)', 'com.thinkgem.jeesite.modules.sys.entity.User', 'updateBy.id', '0', '0', '1', '1', '0', '0', '=', 'input', '', null, 110, '1', '2015-12-20 13:14:36', '1', '2015-12-20 14:29:50', null, '0');
insert into gen_table_column (id, gen_table_id, name, comments, jdbc_type, java_type, java_field, is_pk, is_null, is_insert, is_edit, is_list, is_query, query_type, show_type, dict_type, settings, sort, create_by, create_date, update_by, update_date, remarks, del_flag) values ('1ac6562f753d4e599693840651ab2bf7', '43d6d5acffa14c258340ce6765e46c6f', 'in_date', '加入日期', 'date(7)', 'java.util.Date', 'inDate', '0', '1', '1', '1', '0', '0', '=', 'dateselect', null, null, 7, '1', '2013-08-12 13:10:05', '1', '2013-08-12 13:10:05', null, '0');
insert into gen_table_column (id, gen_table_id, name, comments, jdbc_type, java_type, java_field, is_pk, is_null, is_insert, is_edit, is_list, is_query, query_type, show_type, dict_type, settings, sort, create_by, create_date, update_by, update_date, remarks, del_flag) values ('1b8eb55f65284fa6b0a5879b6d8ad3ec', 'aef6f1fc948f4c9ab1c1b780bc471cc2', 'in_date', '加入日期', 'date(7)', 'java.util.Date', 'inDate', '0', '1', '1', '1', '0', '1', 'between', 'dateselect', null, null, 7, '1', '2013-08-12 13:10:05', '1', '2013-08-12 13:10:05', null, '0');
insert into gen_table_column (id, gen_table_id, name, comments, jdbc_type, java_type, java_field, is_pk, is_null, is_insert, is_edit, is_list, is_query, query_type, show_type, dict_type, settings, sort, create_by, create_date, update_by, update_date, remarks, del_flag) values ('1bac9466a56147fdabd3e237484b6f8e', 'c6664c3c3e184530baf35107fec6797f', 'msg_task', '发送任务', 'varchar(64)', 'String', 'msgTask', '0', '0', '1', '1', '1', '1', '=', 'input', '', null, 20, '1', '2017-08-12 20:23:54', '1', '2017-08-12 20:35:25', null, '0');
insert into gen_table_column (id, gen_table_id, name, comments, jdbc_type, java_type, java_field, is_pk, is_null, is_insert, is_edit, is_list, is_query, query_type, show_type, dict_type, settings, sort, create_by, create_date, update_by, update_date, remarks, del_flag) values ('1bb647c40d6f42cfa7276d5dd94c3d44', '082599e83d884ab5ab9150f71d356639', 'create_date', '创建时间', 'datetime', 'java.util.Date', 'createDate', '0', '0', '1', '1', '1', '0', '=', 'dateselect', '', null, 140, '1', '2017-08-12 19:03:14', '1', '2017-08-12 19:03:14', null, '0');
insert into gen_table_column (id, gen_table_id, name, comments, jdbc_type, java_type, java_field, is_pk, is_null, is_insert, is_edit, is_list, is_query, query_type, show_type, dict_type, settings, sort, create_by, create_date, update_by, update_date, remarks, del_flag) values ('1d5ca4d114be41e99f8dc42a682ba609', 'aef6f1fc948f4c9ab1c1b780bc471cc2', 'user_id', '归属用户', 'varchar2(64)', 'com.thinkgem.jeesite.modules.modules.sys.entity.User', 'user.id|name', '0', '1', '1', '1', '1', '1', '=', 'userselect', null, null, 2, '1', '2013-08-12 13:10:05', '1', '2013-08-12 13:10:05', null, '0');
insert into gen_table_column (id, gen_table_id, name, comments, jdbc_type, java_type, java_field, is_pk, is_null, is_insert, is_edit, is_list, is_query, query_type, show_type, dict_type, settings, sort, create_by, create_date, update_by, update_date, remarks, del_flag) values ('21756504ffdc487eb167a823f89c0c06', '43d6d5acffa14c258340ce6765e46c6f', 'update_by', '更新者', 'varchar2(64)', 'com.thinkgem.jeesite.modules.modules.sys.entity.User', 'updateBy.id', '0', '0', '1', '1', '0', '0', '=', 'input', null, null, 10, '1', '2013-08-12 13:10:05', '1', '2013-08-12 13:10:05', null, '0');
insert into gen_table_column (id, gen_table_id, name, comments, jdbc_type, java_type, java_field, is_pk, is_null, is_insert, is_edit, is_list, is_query, query_type, show_type, dict_type, settings, sort, create_by, create_date, update_by, update_date, remarks, del_flag) values ('24bbdc0a555e4412a106ab1c5f03008e', 'f6e4dafaa72f4c509636484715f33a96', 'parent_ids', '所有父级编号', 'varchar2(2000)', 'String', 'parentIds', '0', '0', '1', '1', '0', '0', 'like', 'input', null, null, 3, '1', '2013-08-12 13:10:05', '1', '2013-08-12 13:10:05', null, '0');
insert into gen_table_column (id, gen_table_id, name, comments, jdbc_type, java_type, java_field, is_pk, is_null, is_insert, is_edit, is_list, is_query, query_type, show_type, dict_type, settings, sort, create_by, create_date, update_by, update_date, remarks, del_flag) values ('25d5e13a71e84edfbfccdbf223418439', '526a5912f50546739ec59a77fef96c6a', 'create_by', '上传者', 'varchar(64)', 'com.thinkgem.jeesite.modules.sys.entity.User', 'createBy.id', '0', '0', '1', '1', '1', '1', '=', 'userselect', '', null, 90, '1', '2015-12-20 13:14:36', '1', '2015-12-20 14:29:50', null, '0');
insert into gen_table_column (id, gen_table_id, name, comments, jdbc_type, java_type, java_field, is_pk, is_null, is_insert, is_edit, is_list, is_query, query_type, show_type, dict_type, settings, sort, create_by, create_date, update_by, update_date, remarks, del_flag) values ('274dafd65e1e498db5091e9abb36e622', '0c18c6a42d2448f8998dcd19587af2b3', 'remarks', '备注信息', 'varchar(255)', 'String', 'remarks', '0', '1', '1', '1', '0', '0', '=', 'textarea', '', null, 140, '1', '2015-12-21 18:57:34', '1', '2015-12-21 19:00:54', null, '0');
insert into gen_table_column (id, gen_table_id, name, comments, jdbc_type, java_type, java_field, is_pk, is_null, is_insert, is_edit, is_list, is_query, query_type, show_type, dict_type, settings, sort, create_by, create_date, update_by, update_date, remarks, del_flag) values ('292fade22aad47e5bf562f50cea1d3e3', 'e37f2ee7349f4a10b9382ad6916f5e5c', 'keywords', '关键词', 'varchar(2000)', 'String', 'keywords', '0', '0', '1', '1', '1', '1', 'like', 'input', '', null, 30, '1', '2015-12-17 15:46:50', '1', '2015-12-17 15:46:50', null, '0');
insert into gen_table_column (id, gen_table_id, name, comments, jdbc_type, java_type, java_field, is_pk, is_null, is_insert, is_edit, is_list, is_query, query_type, show_type, dict_type, settings, sort, create_by, create_date, update_by, update_date, remarks, del_flag) values ('2983ae5cc427414a9fafdb3afc403111', '0c18c6a42d2448f8998dcd19587af2b3', 'create_date', '上传时间', 'datetime', 'java.util.Date', 'createDate', '0', '0', '1', '1', '1', '1', '=', 'dateselect', '', null, 110, '1', '2015-12-21 18:57:34', '1', '2015-12-21 19:00:54', null, '0');
insert into gen_table_column (id, gen_table_id, name, comments, jdbc_type, java_type, java_field, is_pk, is_null, is_insert, is_edit, is_list, is_query, query_type, show_type, dict_type, settings, sort, create_by, create_date, update_by, update_date, remarks, del_flag) values ('2e15905e708046f3b592e68e48009552', '526a5912f50546739ec59a77fef96c6a', 'keywords', '关键词', 'varchar(2000)', 'String', 'keywords', '0', '0', '1', '1', '1', '1', 'like', 'input', '', null, 30, '1', '2015-12-20 13:14:36', '1', '2015-12-20 14:29:50', null, '0');
insert into gen_table_column (id, gen_table_id, name, comments, jdbc_type, java_type, java_field, is_pk, is_null, is_insert, is_edit, is_list, is_query, query_type, show_type, dict_type, settings, sort, create_by, create_date, update_by, update_date, remarks, del_flag) values ('32b39785882946539ada7c822b2f1079', 'e37f2ee7349f4a10b9382ad6916f5e5c', 'update_date', '更新时间', 'datetime', 'java.util.Date', 'updateDate', '0', '0', '1', '0', '0', '0', '=', 'dateselect', '', null, 100, '1', '2015-12-17 15:46:50', '1', '2015-12-17 15:46:50', null, '0');
insert into gen_table_column (id, gen_table_id, name, comments, jdbc_type, java_type, java_field, is_pk, is_null, is_insert, is_edit, is_list, is_query, query_type, show_type, dict_type, settings, sort, create_by, create_date, update_by, update_date, remarks, del_flag) values ('33152ce420904594b3eac796a27f0560', '6e05c389f3c6415ea34e55e9dfb28934', 'id', '编号', 'varchar2(64)', 'String', 'id', '1', '0', '1', '0', '0', '0', '=', 'input', null, null, 1, '1', '2013-08-12 13:10:05', '1', '2013-08-12 13:10:05', null, '0');
insert into gen_table_column (id, gen_table_id, name, comments, jdbc_type, java_type, java_field, is_pk, is_null, is_insert, is_edit, is_list, is_query, query_type, show_type, dict_type, settings, sort, create_by, create_date, update_by, update_date, remarks, del_flag) values ('34c60378684f46439bf19970a07758ab', 'e37f2ee7349f4a10b9382ad6916f5e5c', 'del_flag', '删除标记', 'char(1)', 'String', 'delFlag', '0', '0', '1', '0', '0', '0', '=', 'radiobox', 'del_flag', null, 120, '1', '2015-12-17 15:46:50', '1', '2015-12-17 15:46:50', null, '0');
insert into gen_table_column (id, gen_table_id, name, comments, jdbc_type, java_type, java_field, is_pk, is_null, is_insert, is_edit, is_list, is_query, query_type, show_type, dict_type, settings, sort, create_by, create_date, update_by, update_date, remarks, del_flag) values ('35af241859624a01917ab64c3f4f0813', 'aef6f1fc948f4c9ab1c1b780bc471cc2', 'del_flag', '删除标记（0：正常；1：删除）', 'char(1)', 'String', 'delFlag', '0', '0', '1', '0', '0', '0', '=', 'radiobox', 'del_flag', null, 13, '1', '2013-08-12 13:10:05', '1', '2013-08-12 13:10:05', null, '0');
insert into gen_table_column (id, gen_table_id, name, comments, jdbc_type, java_type, java_field, is_pk, is_null, is_insert, is_edit, is_list, is_query, query_type, show_type, dict_type, settings, sort, create_by, create_date, update_by, update_date, remarks, del_flag) values ('39892a9e5c904eaa873911825a88f609', 'e37f2ee7349f4a10b9382ad6916f5e5c', 'author', '负责人', 'varchar(100)', 'String', 'author', '0', '0', '1', '1', '1', '1', 'like', 'input', '', null, 40, '1', '2015-12-17 15:46:50', '1', '2015-12-17 15:46:50', null, '0');
insert into gen_table_column (id, gen_table_id, name, comments, jdbc_type, java_type, java_field, is_pk, is_null, is_insert, is_edit, is_list, is_query, query_type, show_type, dict_type, settings, sort, create_by, create_date, update_by, update_date, remarks, del_flag) values ('398b4a03f06940bfb979ca574e1911e3', 'aef6f1fc948f4c9ab1c1b780bc471cc2', 'create_by', '创建者', 'varchar2(64)', 'com.thinkgem.jeesite.modules.modules.sys.entity.User', 'createBy.id', '0', '0', '1', '0', '0', '0', '=', 'input', null, null, 8, '1', '2013-08-12 13:10:05', '1', '2013-08-12 13:10:05', null, '0');
insert into gen_table_column (id, gen_table_id, name, comments, jdbc_type, java_type, java_field, is_pk, is_null, is_insert, is_edit, is_list, is_query, query_type, show_type, dict_type, settings, sort, create_by, create_date, update_by, update_date, remarks, del_flag) values ('3a48f53acf7f49338d634915fb91fdaa', 'c6664c3c3e184530baf35107fec6797f', 'send_time', '发送时间', 'datetime', 'java.util.Date', 'sendTime', '0', '0', '1', '1', '1', '1', '&gt;=', 'dateselect', '', null, 60, '1', '2017-08-12 20:23:54', '1', '2017-08-12 20:35:25', null, '0');
insert into gen_table_column (id, gen_table_id, name, comments, jdbc_type, java_type, java_field, is_pk, is_null, is_insert, is_edit, is_list, is_query, query_type, show_type, dict_type, settings, sort, create_by, create_date, update_by, update_date, remarks, del_flag) values ('3a7cf23ae48a4c849ceb03feffc7a524', '43d6d5acffa14c258340ce6765e46c6f', 'area_id', '归属区域', 'nvarchar2(64)', 'com.thinkgem.jeesite.modules.modules.sys.entity.Area', 'area.id|name', '0', '1', '1', '1', '0', '0', '=', 'areaselect', null, null, 4, '1', '2013-08-12 13:10:05', '1', '2013-08-12 13:10:05', null, '0');
insert into gen_table_column (id, gen_table_id, name, comments, jdbc_type, java_type, java_field, is_pk, is_null, is_insert, is_edit, is_list, is_query, query_type, show_type, dict_type, settings, sort, create_by, create_date, update_by, update_date, remarks, del_flag) values ('3d9c32865bb44e85af73381df0ffbf3d', '43d6d5acffa14c258340ce6765e46c6f', 'update_date', '更新时间', 'timestamp(6)', 'java.util.Date', 'updateDate', '0', '0', '1', '1', '1', '0', '=', 'dateselect', null, null, 11, '1', '2013-08-12 13:10:05', '1', '2013-08-12 13:10:05', null, '0');
insert into gen_table_column (id, gen_table_id, name, comments, jdbc_type, java_type, java_field, is_pk, is_null, is_insert, is_edit, is_list, is_query, query_type, show_type, dict_type, settings, sort, create_by, create_date, update_by, update_date, remarks, del_flag) values ('3e8b340edf004cafa46e7670093830f2', 'c6664c3c3e184530baf35107fec6797f', 'content', '内容', 'text', 'String', 'content', '0', '1', '1', '1', '0', '0', '=', 'textarea', '', null, 50, '1', '2017-08-12 20:23:54', '1', '2017-08-12 20:35:25', null, '0');
insert into gen_table_column (id, gen_table_id, name, comments, jdbc_type, java_type, java_field, is_pk, is_null, is_insert, is_edit, is_list, is_query, query_type, show_type, dict_type, settings, sort, create_by, create_date, update_by, update_date, remarks, del_flag) values ('3e97cef917d7469bb73b09a5fd742c32', '082599e83d884ab5ab9150f71d356639', 'priority', '优先级', 'int(11)', 'Integer', 'priority', '0', '0', '1', '1', '1', '0', '=', 'input', '', null, 120, '1', '2017-08-12 19:03:14', '1', '2017-08-12 19:03:14', null, '0');
insert into gen_table_column (id, gen_table_id, name, comments, jdbc_type, java_type, java_field, is_pk, is_null, is_insert, is_edit, is_list, is_query, query_type, show_type, dict_type, settings, sort, create_by, create_date, update_by, update_date, remarks, del_flag) values ('3f8ed8ea55ee40e8b757a4e2854ad346', '526a5912f50546739ec59a77fef96c6a', 'remarks', '备注信息', 'varchar(255)', 'String', 'remarks', '0', '1', '1', '1', '0', '0', '=', 'textarea', '', null, 130, '1', '2015-12-20 13:14:36', '1', '2015-12-20 14:29:50', null, '0');
insert into gen_table_column (id, gen_table_id, name, comments, jdbc_type, java_type, java_field, is_pk, is_null, is_insert, is_edit, is_list, is_query, query_type, show_type, dict_type, settings, sort, create_by, create_date, update_by, update_date, remarks, del_flag) values ('416c76d2019b4f76a96d8dc3a8faf84c', 'f6e4dafaa72f4c509636484715f33a96', 'update_date', '更新时间', 'timestamp(6)', 'java.util.Date', 'updateDate', '0', '0', '1', '1', '1', '0', '=', 'dateselect', null, null, 9, '1', '2013-08-12 13:10:05', '1', '2013-08-12 13:10:05', null, '0');
insert into gen_table_column (id, gen_table_id, name, comments, jdbc_type, java_type, java_field, is_pk, is_null, is_insert, is_edit, is_list, is_query, query_type, show_type, dict_type, settings, sort, create_by, create_date, update_by, update_date, remarks, del_flag) values ('4379c12c52144f5190c7dbc6823ab9c5', '082599e83d884ab5ab9150f71d356639', 'send_date_lmt_st', '发送日期限制起', 'datetime', 'java.util.Date', 'sendDateLmtSt', '0', '1', '1', '1', '0', '0', '=', 'dateselect', '', null, 90, '1', '2017-08-12 19:03:14', '1', '2017-08-12 19:03:14', null, '0');
insert into gen_table_column (id, gen_table_id, name, comments, jdbc_type, java_type, java_field, is_pk, is_null, is_insert, is_edit, is_list, is_query, query_type, show_type, dict_type, settings, sort, create_by, create_date, update_by, update_date, remarks, del_flag) values ('46e6d8283270493687085d29efdecb05', 'f6e4dafaa72f4c509636484715f33a96', 'del_flag', '删除标记（0：正常；1：删除）', 'char(1)', 'String', 'delFlag', '0', '0', '1', '0', '0', '0', '=', 'radiobox', 'del_flag', null, 11, '1', '2013-08-12 13:10:05', '1', '2013-08-12 13:10:05', null, '0');
insert into gen_table_column (id, gen_table_id, name, comments, jdbc_type, java_type, java_field, is_pk, is_null, is_insert, is_edit, is_list, is_query, query_type, show_type, dict_type, settings, sort, create_by, create_date, update_by, update_date, remarks, del_flag) values ('49626e83f17a488c843b4352d3f8535c', 'c6664c3c3e184530baf35107fec6797f', 'target', '发送对象', 'varchar(100)', 'String', 'target', '0', '0', '1', '1', '1', '1', '=', 'input', '', null, 30, '1', '2017-08-12 20:23:54', '1', '2017-08-12 20:35:25', null, '0');
insert into gen_table_column (id, gen_table_id, name, comments, jdbc_type, java_type, java_field, is_pk, is_null, is_insert, is_edit, is_list, is_query, query_type, show_type, dict_type, settings, sort, create_by, create_date, update_by, update_date, remarks, del_flag) values ('4a0a1fff86ca46519477d66b82e01991', 'aef6f1fc948f4c9ab1c1b780bc471cc2', 'name', '名称', 'nvarchar2(100)', 'String', 'name', '0', '1', '1', '1', '1', '1', 'like', 'input', null, null, 5, '1', '2013-08-12 13:10:05', '1', '2013-08-12 13:10:05', null, '0');
insert into gen_table_column (id, gen_table_id, name, comments, jdbc_type, java_type, java_field, is_pk, is_null, is_insert, is_edit, is_list, is_query, query_type, show_type, dict_type, settings, sort, create_by, create_date, update_by, update_date, remarks, del_flag) values ('4c8ef12cb6924b9ba44048ba9913150b', '43d6d5acffa14c258340ce6765e46c6f', 'create_date', '创建时间', 'timestamp(6)', 'java.util.Date', 'createDate', '0', '0', '1', '0', '0', '0', '=', 'dateselect', null, null, 9, '1', '2013-08-12 13:10:05', '1', '2013-08-12 13:10:05', null, '0');
insert into gen_table_column (id, gen_table_id, name, comments, jdbc_type, java_type, java_field, is_pk, is_null, is_insert, is_edit, is_list, is_query, query_type, show_type, dict_type, settings, sort, create_by, create_date, update_by, update_date, remarks, del_flag) values ('516ebee66a784d15b518b553515bf264', '082599e83d884ab5ab9150f71d356639', 'rec_email', '接收人邮箱', 'varchar(100)', 'String', 'recEmail', '0', '0', '1', '1', '0', '0', '=', 'input', '', null, 30, '1', '2017-08-12 19:03:14', '1', '2017-08-12 19:03:14', null, '0');
insert into gen_table_column (id, gen_table_id, name, comments, jdbc_type, java_type, java_field, is_pk, is_null, is_insert, is_edit, is_list, is_query, query_type, show_type, dict_type, settings, sort, create_by, create_date, update_by, update_date, remarks, del_flag) values ('53afcf67165a468d96cecfd1fb98bb9b', '0c18c6a42d2448f8998dcd19587af2b3', 'create_by', '上传者', 'varchar(64)', 'com.thinkgem.jeesite.modules.sys.entity.User', 'createBy.id', '0', '0', '1', '1', '1', '1', '=', 'userselect', '', null, 100, '1', '2015-12-21 18:57:34', '1', '2015-12-21 19:00:54', null, '0');
insert into gen_table_column (id, gen_table_id, name, comments, jdbc_type, java_type, java_field, is_pk, is_null, is_insert, is_edit, is_list, is_query, query_type, show_type, dict_type, settings, sort, create_by, create_date, update_by, update_date, remarks, del_flag) values ('53d65a3d306d4fac9e561db9d3c66912', '6e05c389f3c6415ea34e55e9dfb28934', 'del_flag', '删除标记（0：正常；1：删除）', 'char(1)', 'String', 'delFlag', '0', '0', '1', '0', '0', '0', '=', 'radiobox', 'del_flag', null, 9, '1', '2013-08-12 13:10:05', '1', '2013-08-12 13:10:05', null, '0');
insert into gen_table_column (id, gen_table_id, name, comments, jdbc_type, java_type, java_field, is_pk, is_null, is_insert, is_edit, is_list, is_query, query_type, show_type, dict_type, settings, sort, create_by, create_date, update_by, update_date, remarks, del_flag) values ('56fa71c0bd7e4132931874e548dc9ba5', '6e05c389f3c6415ea34e55e9dfb28934', 'update_by', '更新者', 'varchar2(64)', 'com.thinkgem.jeesite.modules.modules.sys.entity.User', 'updateBy.id', '0', '0', '1', '1', '0', '0', '=', 'input', null, null, 6, '1', '2013-08-12 13:10:05', '1', '2013-08-12 13:10:05', null, '0');
insert into gen_table_column (id, gen_table_id, name, comments, jdbc_type, java_type, java_field, is_pk, is_null, is_insert, is_edit, is_list, is_query, query_type, show_type, dict_type, settings, sort, create_by, create_date, update_by, update_date, remarks, del_flag) values ('5863de529a8f4cb99234625af08cb402', '0c18c6a42d2448f8998dcd19587af2b3', 'author', '负责人', 'varchar(100)', 'String', 'author', '0', '0', '1', '1', '1', '1', 'like', 'input', '', null, 40, '1', '2015-12-21 18:57:34', '1', '2015-12-21 19:00:54', null, '0');
insert into gen_table_column (id, gen_table_id, name, comments, jdbc_type, java_type, java_field, is_pk, is_null, is_insert, is_edit, is_list, is_query, query_type, show_type, dict_type, settings, sort, create_by, create_date, update_by, update_date, remarks, del_flag) values ('59475d74690d42b58ac7ae9953e5bc72', '0c18c6a42d2448f8998dcd19587af2b3', 'update_by', '更新者', 'varchar(64)', 'com.thinkgem.jeesite.modules.sys.entity.User', 'updateBy.id', '0', '0', '1', '1', '0', '0', '=', 'input', '', null, 120, '1', '2015-12-21 18:57:34', '1', '2015-12-21 19:00:54', null, '0');
insert into gen_table_column (id, gen_table_id, name, comments, jdbc_type, java_type, java_field, is_pk, is_null, is_insert, is_edit, is_list, is_query, query_type, show_type, dict_type, settings, sort, create_by, create_date, update_by, update_date, remarks, del_flag) values ('5a4a1933c9c844fdba99de043dc8205e', 'aef6f1fc948f4c9ab1c1b780bc471cc2', 'update_by', '更新者', 'varchar2(64)', 'com.thinkgem.jeesite.modules.modules.sys.entity.User', 'updateBy.id', '0', '0', '1', '1', '0', '0', '=', 'input', null, null, 10, '1', '2013-08-12 13:10:05', '1', '2013-08-12 13:10:05', null, '0');
insert into gen_table_column (id, gen_table_id, name, comments, jdbc_type, java_type, java_field, is_pk, is_null, is_insert, is_edit, is_list, is_query, query_type, show_type, dict_type, settings, sort, create_by, create_date, update_by, update_date, remarks, del_flag) values ('5bf598870c084ab49c8e15225d6ab979', '0c18c6a42d2448f8998dcd19587af2b3', 'id', '编号', 'varchar(64)', 'String', 'id', '1', '0', '1', '0', '0', '0', '=', 'input', '', null, 10, '1', '2015-12-21 18:57:34', '1', '2015-12-21 19:00:54', null, '0');
insert into gen_table_column (id, gen_table_id, name, comments, jdbc_type, java_type, java_field, is_pk, is_null, is_insert, is_edit, is_list, is_query, query_type, show_type, dict_type, settings, sort, create_by, create_date, update_by, update_date, remarks, del_flag) values ('5d9c576804c34da89739f787215dc1fe', '082599e83d884ab5ab9150f71d356639', 'id', 'id', 'varchar(64)', 'String', 'id', '1', '0', '1', '0', '1', '1', '=', 'input', '', null, 10, '1', '2017-08-12 19:03:14', '1', '2017-08-12 19:03:14', null, '0');
insert into gen_table_column (id, gen_table_id, name, comments, jdbc_type, java_type, java_field, is_pk, is_null, is_insert, is_edit, is_list, is_query, query_type, show_type, dict_type, settings, sort, create_by, create_date, update_by, update_date, remarks, del_flag) values ('5e5c69bd3eaa4dcc9743f361f3771c08', 'aef6f1fc948f4c9ab1c1b780bc471cc2', 'id', '编号', 'varchar2(64)', 'String', 'id', '1', '0', '1', '0', '0', '0', '=', 'input', null, null, 1, '1', '2013-08-12 13:10:05', '1', '2013-08-12 13:10:05', null, '0');
insert into gen_table_column (id, gen_table_id, name, comments, jdbc_type, java_type, java_field, is_pk, is_null, is_insert, is_edit, is_list, is_query, query_type, show_type, dict_type, settings, sort, create_by, create_date, update_by, update_date, remarks, del_flag) values ('60ad4fc433e34ef5a6d7b87a22aea6e0', '082599e83d884ab5ab9150f71d356639', 'rec_name', '接收人', 'varchar(100)', 'String', 'recName', '0', '0', '1', '1', '1', '1', '=', 'input', '', null, 20, '1', '2017-08-12 19:03:14', '1', '2017-08-12 19:03:14', null, '0');
insert into gen_table_column (id, gen_table_id, name, comments, jdbc_type, java_type, java_field, is_pk, is_null, is_insert, is_edit, is_list, is_query, query_type, show_type, dict_type, settings, sort, create_by, create_date, update_by, update_date, remarks, del_flag) values ('62c0e73c81eb4b5491ec660eabef6791', '0c18c6a42d2448f8998dcd19587af2b3', 'keywords', '关键词', 'varchar(2000)', 'String', 'keywords', '0', '0', '1', '1', '1', '1', 'like', 'input', '', null, 30, '1', '2015-12-21 18:57:34', '1', '2015-12-21 19:00:54', null, '0');
insert into gen_table_column (id, gen_table_id, name, comments, jdbc_type, java_type, java_field, is_pk, is_null, is_insert, is_edit, is_list, is_query, query_type, show_type, dict_type, settings, sort, create_by, create_date, update_by, update_date, remarks, del_flag) values ('633f5a49ec974c099158e7b3e6bfa930', 'f6e4dafaa72f4c509636484715f33a96', 'name', '名称', 'nvarchar2(100)', 'String', 'name', '0', '0', '1', '1', '1', '1', 'like', 'input', null, null, 4, '1', '2013-08-12 13:10:05', '1', '2013-08-12 13:10:05', null, '0');
insert into gen_table_column (id, gen_table_id, name, comments, jdbc_type, java_type, java_field, is_pk, is_null, is_insert, is_edit, is_list, is_query, query_type, show_type, dict_type, settings, sort, create_by, create_date, update_by, update_date, remarks, del_flag) values ('63f4be279c714fbcb79078339a6182b4', '4d7a6a9625f74f8d84de31efcd01b639', 'content', '内容', 'text', 'String', 'content', '0', '1', '1', '1', '0', '0', '=', 'textarea', '', null, 40, '1', '2017-08-12 17:21:57', '1', '2017-08-12 17:43:19', null, '0');
insert into gen_table_column (id, gen_table_id, name, comments, jdbc_type, java_type, java_field, is_pk, is_null, is_insert, is_edit, is_list, is_query, query_type, show_type, dict_type, settings, sort, create_by, create_date, update_by, update_date, remarks, del_flag) values ('651f30e7abae4442a4f4a5b2a8901b37', '4d7a6a9625f74f8d84de31efcd01b639', 'create_date', '创建时间', 'datetime', 'java.util.Date', 'createDate', '0', '0', '1', '0', '1', '0', '=', 'dateselect', '', null, 90, '1', '2017-08-12 17:21:57', '1', '2017-08-12 17:43:19', null, '0');
insert into gen_table_column (id, gen_table_id, name, comments, jdbc_type, java_type, java_field, is_pk, is_null, is_insert, is_edit, is_list, is_query, query_type, show_type, dict_type, settings, sort, create_by, create_date, update_by, update_date, remarks, del_flag) values ('652491500f2641ffa7caf95a93e64d34', '6e05c389f3c6415ea34e55e9dfb28934', 'update_date', '更新时间', 'timestamp(6)', 'java.util.Date', 'updateDate', '0', '0', '1', '1', '1', '0', '=', 'dateselect', null, null, 7, '1', '2013-08-12 13:10:05', '1', '2013-08-12 13:10:05', null, '0');
insert into gen_table_column (id, gen_table_id, name, comments, jdbc_type, java_type, java_field, is_pk, is_null, is_insert, is_edit, is_list, is_query, query_type, show_type, dict_type, settings, sort, create_by, create_date, update_by, update_date, remarks, del_flag) values ('6763ff6dc7cd4c668e76cf9b697d3ff6', 'f6e4dafaa72f4c509636484715f33a96', 'sort', '排序', 'number(10)', 'Integer', 'sort', '0', '0', '1', '1', '1', '0', '=', 'input', null, null, 5, '1', '2013-08-12 13:10:05', '1', '2013-08-12 13:10:05', null, '0');
insert into gen_table_column (id, gen_table_id, name, comments, jdbc_type, java_type, java_field, is_pk, is_null, is_insert, is_edit, is_list, is_query, query_type, show_type, dict_type, settings, sort, create_by, create_date, update_by, update_date, remarks, del_flag) values ('67d0331f809a48ee825602659f0778e8', '43d6d5acffa14c258340ce6765e46c6f', 'name', '名称', 'nvarchar2(100)', 'String', 'name', '0', '1', '1', '1', '1', '1', 'like', 'input', null, null, 5, '1', '2013-08-12 13:10:05', '1', '2013-08-12 13:10:05', null, '0');
insert into gen_table_column (id, gen_table_id, name, comments, jdbc_type, java_type, java_field, is_pk, is_null, is_insert, is_edit, is_list, is_query, query_type, show_type, dict_type, settings, sort, create_by, create_date, update_by, update_date, remarks, del_flag) values ('68345713bef3445c906f70e68f55de38', '6e05c389f3c6415ea34e55e9dfb28934', 'test_data_main_id', '业务主表', 'varchar2(64)', 'String', 'testDataMain.id', '0', '1', '1', '1', '0', '0', '=', 'input', null, null, 2, '1', '2013-08-12 13:10:05', '1', '2013-08-12 13:10:05', null, '0');
insert into gen_table_column (id, gen_table_id, name, comments, jdbc_type, java_type, java_field, is_pk, is_null, is_insert, is_edit, is_list, is_query, query_type, show_type, dict_type, settings, sort, create_by, create_date, update_by, update_date, remarks, del_flag) values ('6a38c6dd3e9b4331b85d3f62945144bb', '526a5912f50546739ec59a77fef96c6a', 'id', '编号', 'varchar(64)', 'String', 'id', '1', '0', '1', '0', '0', '0', '=', 'input', '', null, 10, '1', '2015-12-20 13:14:36', '1', '2015-12-20 14:29:50', null, '0');
insert into gen_table_column (id, gen_table_id, name, comments, jdbc_type, java_type, java_field, is_pk, is_null, is_insert, is_edit, is_list, is_query, query_type, show_type, dict_type, settings, sort, create_by, create_date, update_by, update_date, remarks, del_flag) values ('70c7fce1d1dd46728f3e222e69dab634', '082599e83d884ab5ab9150f71d356639', 'send_type', '发送类型', 'varchar(20)', 'String', 'sendType', '0', '0', '1', '1', '1', '1', 'like', 'checkbox', 'msg_type', null, 60, '1', '2017-08-12 19:03:14', '1', '2017-08-12 19:03:14', null, '0');
insert into gen_table_column (id, gen_table_id, name, comments, jdbc_type, java_type, java_field, is_pk, is_null, is_insert, is_edit, is_list, is_query, query_type, show_type, dict_type, settings, sort, create_by, create_date, update_by, update_date, remarks, del_flag) values ('71ea4bc10d274911b405f3165fc1bb1a', 'aef6f1fc948f4c9ab1c1b780bc471cc2', 'area_id', '归属区域', 'nvarchar2(64)', 'com.thinkgem.jeesite.modules.modules.sys.entity.Area', 'area.id|name', '0', '1', '1', '1', '1', '1', '=', 'areaselect', null, null, 4, '1', '2013-08-12 13:10:05', '1', '2013-08-12 13:10:05', null, '0');
insert into gen_table_column (id, gen_table_id, name, comments, jdbc_type, java_type, java_field, is_pk, is_null, is_insert, is_edit, is_list, is_query, query_type, show_type, dict_type, settings, sort, create_by, create_date, update_by, update_date, remarks, del_flag) values ('7600da30fd0b439b8bfc2af6886dbe9d', '0c18c6a42d2448f8998dcd19587af2b3', 'collect_position', '采集位置', 'varchar(2000)', 'String', 'collectPosition', '0', '0', '1', '1', '1', '1', 'like', 'input', '', null, 80, '1', '2015-12-21 18:57:34', '1', '2015-12-21 19:00:54', null, '0');
insert into gen_table_column (id, gen_table_id, name, comments, jdbc_type, java_type, java_field, is_pk, is_null, is_insert, is_edit, is_list, is_query, query_type, show_type, dict_type, settings, sort, create_by, create_date, update_by, update_date, remarks, del_flag) values ('7d601edef3924c4fb92f09fb27bdd207', '0c18c6a42d2448f8998dcd19587af2b3', 'del_flag', '删除标记', 'char(1)', 'String', 'delFlag', '0', '0', '1', '0', '0', '0', '=', 'radiobox', 'del_flag', null, 150, '1', '2015-12-21 18:57:34', '1', '2015-12-21 19:00:54', null, '0');
insert into gen_table_column (id, gen_table_id, name, comments, jdbc_type, java_type, java_field, is_pk, is_null, is_insert, is_edit, is_list, is_query, query_type, show_type, dict_type, settings, sort, create_by, create_date, update_by, update_date, remarks, del_flag) values ('7ed2b007cabc44af855af7c3a3254fd1', '4d7a6a9625f74f8d84de31efcd01b639', 'update_date', '修改时间', 'datetime', 'java.util.Date', 'updateDate', '0', '0', '1', '1', '0', '0', '=', 'dateselect', '', null, 110, '1', '2017-08-12 17:21:57', '1', '2017-08-12 17:43:19', null, '0');
insert into gen_table_column (id, gen_table_id, name, comments, jdbc_type, java_type, java_field, is_pk, is_null, is_insert, is_edit, is_list, is_query, query_type, show_type, dict_type, settings, sort, create_by, create_date, update_by, update_date, remarks, del_flag) values ('7f871058d94c4d9a89084be7c9ce806d', '6e05c389f3c6415ea34e55e9dfb28934', 'remarks', '备注信息', 'nvarchar2(255)', 'String', 'remarks', '0', '1', '1', '1', '1', '0', '=', 'input', null, null, 8, '1', '2013-08-12 13:10:05', '1', '2013-08-12 13:10:05', null, '0');
insert into gen_table_column (id, gen_table_id, name, comments, jdbc_type, java_type, java_field, is_pk, is_null, is_insert, is_edit, is_list, is_query, query_type, show_type, dict_type, settings, sort, create_by, create_date, update_by, update_date, remarks, del_flag) values ('833877fc957b43eda35cfa95b40f2ea0', '4d7a6a9625f74f8d84de31efcd01b639', 'source', '来源', 'varchar(100)', 'String', 'source', '0', '0', '1', '1', '1', '1', '=', 'input', '', null, 20, '1', '2017-08-12 17:21:57', '1', '2017-08-12 17:43:19', null, '0');
insert into gen_table_column (id, gen_table_id, name, comments, jdbc_type, java_type, java_field, is_pk, is_null, is_insert, is_edit, is_list, is_query, query_type, show_type, dict_type, settings, sort, create_by, create_date, update_by, update_date, remarks, del_flag) values ('87df48df6c8441e39ecbfab5d871d641', '4d7a6a9625f74f8d84de31efcd01b639', 'del_flag', 'del_flag', 'char(1)', 'String', 'delFlag', '0', '0', '1', '0', '0', '0', '=', 'radiobox', 'del_flag', null, 120, '1', '2017-08-12 17:21:57', '1', '2017-08-12 17:43:19', null, '0');
insert into gen_table_column (id, gen_table_id, name, comments, jdbc_type, java_type, java_field, is_pk, is_null, is_insert, is_edit, is_list, is_query, query_type, show_type, dict_type, settings, sort, create_by, create_date, update_by, update_date, remarks, del_flag) values ('89ad4d1667364bc9aa1f374f594b6971', '082599e83d884ab5ab9150f71d356639', 'rec_mobile', '接收人手机', 'varchar(20)', 'String', 'recMobile', '0', '0', '1', '1', '0', '0', '=', 'input', '', null, 40, '1', '2017-08-12 19:03:14', '1', '2017-08-12 19:03:14', null, '0');
insert into gen_table_column (id, gen_table_id, name, comments, jdbc_type, java_type, java_field, is_pk, is_null, is_insert, is_edit, is_list, is_query, query_type, show_type, dict_type, settings, sort, create_by, create_date, update_by, update_date, remarks, del_flag) values ('8b48774cfe184913b8b5eb17639cf12d', '43d6d5acffa14c258340ce6765e46c6f', 'create_by', '创建者', 'varchar2(64)', 'com.thinkgem.jeesite.modules.modules.sys.entity.User', 'createBy.id', '0', '0', '1', '0', '0', '0', '=', 'input', null, null, 8, '1', '2013-08-12 13:10:05', '1', '2013-08-12 13:10:05', null, '0');
insert into gen_table_column (id, gen_table_id, name, comments, jdbc_type, java_type, java_field, is_pk, is_null, is_insert, is_edit, is_list, is_query, query_type, show_type, dict_type, settings, sort, create_by, create_date, update_by, update_date, remarks, del_flag) values ('8b7cf0525519474ebe1de9e587eb7067', '6e05c389f3c6415ea34e55e9dfb28934', 'create_date', '创建时间', 'timestamp(6)', 'java.util.Date', 'createDate', '0', '0', '1', '0', '0', '0', '=', 'dateselect', null, null, 5, '1', '2013-08-12 13:10:05', '1', '2013-08-12 13:10:05', null, '0');
insert into gen_table_column (id, gen_table_id, name, comments, jdbc_type, java_type, java_field, is_pk, is_null, is_insert, is_edit, is_list, is_query, query_type, show_type, dict_type, settings, sort, create_by, create_date, update_by, update_date, remarks, del_flag) values ('8b9de88df53e485d8ef461c4b1824bc1', '43d6d5acffa14c258340ce6765e46c6f', 'user_id', '归属用户', 'varchar2(64)', 'com.thinkgem.jeesite.modules.modules.sys.entity.User', 'user.id|name', '0', '1', '1', '1', '1', '1', '=', 'userselect', null, null, 2, '1', '2013-08-12 13:10:05', '1', '2013-08-12 13:10:05', null, '0');
insert into gen_table_column (id, gen_table_id, name, comments, jdbc_type, java_type, java_field, is_pk, is_null, is_insert, is_edit, is_list, is_query, query_type, show_type, dict_type, settings, sort, create_by, create_date, update_by, update_date, remarks, del_flag) values ('8da38dbe5fe54e9bb1f9682c27fbf403', 'aef6f1fc948f4c9ab1c1b780bc471cc2', 'remarks', '备注信息', 'nvarchar2(255)', 'String', 'remarks', '0', '1', '1', '1', '1', '0', '=', 'textarea', null, null, 12, '1', '2013-08-12 13:10:05', '1', '2013-08-12 13:10:05', null, '0');
insert into gen_table_column (id, gen_table_id, name, comments, jdbc_type, java_type, java_field, is_pk, is_null, is_insert, is_edit, is_list, is_query, query_type, show_type, dict_type, settings, sort, create_by, create_date, update_by, update_date, remarks, del_flag) values ('9225cf5723f54aa184b1bbebcd8330ad', '082599e83d884ab5ab9150f71d356639', 'send_date_lmt_ed', '发送日期限制止', 'datetime', 'java.util.Date', 'sendDateLmtEd', '0', '1', '1', '1', '0', '0', '=', 'dateselect', '', null, 100, '1', '2017-08-12 19:03:14', '1', '2017-08-12 19:03:14', null, '0');
insert into gen_table_column (id, gen_table_id, name, comments, jdbc_type, java_type, java_field, is_pk, is_null, is_insert, is_edit, is_list, is_query, query_type, show_type, dict_type, settings, sort, create_by, create_date, update_by, update_date, remarks, del_flag) values ('92481c16a0b94b0e8bba16c3c54eb1e4', 'f6e4dafaa72f4c509636484715f33a96', 'create_date', '创建时间', 'timestamp(6)', 'java.util.Date', 'createDate', '0', '0', '1', '0', '0', '0', '=', 'dateselect', null, null, 7, '1', '2013-08-12 13:10:05', '1', '2013-08-12 13:10:05', null, '0');
insert into gen_table_column (id, gen_table_id, name, comments, jdbc_type, java_type, java_field, is_pk, is_null, is_insert, is_edit, is_list, is_query, query_type, show_type, dict_type, settings, sort, create_by, create_date, update_by, update_date, remarks, del_flag) values ('9515aae49dff47f290a63e3cd2b4dcfb', 'c6664c3c3e184530baf35107fec6797f', 'send_result', '发送结果', 'varchar(10)', 'String', 'sendResult', '0', '1', '1', '1', '1', '1', '=', 'select', 'send_result', null, 70, '1', '2017-08-12 20:23:54', '1', '2017-08-12 20:35:25', null, '0');
insert into gen_table_column (id, gen_table_id, name, comments, jdbc_type, java_type, java_field, is_pk, is_null, is_insert, is_edit, is_list, is_query, query_type, show_type, dict_type, settings, sort, create_by, create_date, update_by, update_date, remarks, del_flag) values ('9a012c1d2f934dbf996679adb7cc827a', 'f6e4dafaa72f4c509636484715f33a96', 'parent_id', '父级编号', 'varchar2(64)', 'This', 'parent.id|name', '0', '0', '1', '1', '0', '0', '=', 'treeselect', null, null, 2, '1', '2013-08-12 13:10:05', '1', '2013-08-12 13:10:05', null, '0');
insert into gen_table_column (id, gen_table_id, name, comments, jdbc_type, java_type, java_field, is_pk, is_null, is_insert, is_edit, is_list, is_query, query_type, show_type, dict_type, settings, sort, create_by, create_date, update_by, update_date, remarks, del_flag) values ('9aaaa025768e4df4a0c6d246ef2a44da', '526a5912f50546739ec59a77fef96c6a', 'title', '主题', 'varchar(200)', 'String', 'title', '0', '0', '1', '1', '1', '1', 'like', 'input', '', null, 20, '1', '2015-12-20 13:14:36', '1', '2015-12-20 14:29:50', null, '0');
insert into gen_table_column (id, gen_table_id, name, comments, jdbc_type, java_type, java_field, is_pk, is_null, is_insert, is_edit, is_list, is_query, query_type, show_type, dict_type, settings, sort, create_by, create_date, update_by, update_date, remarks, del_flag) values ('9ad5727240d7473dab7103385a5c0d6f', '082599e83d884ab5ab9150f71d356639', 'del_flag', 'del_flag', 'char(1)', 'String', 'delFlag', '0', '0', '1', '0', '0', '0', '=', 'radiobox', 'del_flag', null, 170, '1', '2017-08-12 19:03:14', '1', '2017-08-12 19:03:14', null, '0');
insert into gen_table_column (id, gen_table_id, name, comments, jdbc_type, java_type, java_field, is_pk, is_null, is_insert, is_edit, is_list, is_query, query_type, show_type, dict_type, settings, sort, create_by, create_date, update_by, update_date, remarks, del_flag) values ('9be93e280d294864a33f296f87d6c33f', '082599e83d884ab5ab9150f71d356639', 'task_type', '任务类型', 'varchar(10)', 'String', 'taskType', '0', '0', '1', '1', '1', '1', '=', 'select', 'task_type', null, 80, '1', '2017-08-12 19:03:14', '1', '2017-08-12 19:03:14', null, '0');
insert into gen_table_column (id, gen_table_id, name, comments, jdbc_type, java_type, java_field, is_pk, is_null, is_insert, is_edit, is_list, is_query, query_type, show_type, dict_type, settings, sort, create_by, create_date, update_by, update_date, remarks, del_flag) values ('9c9042a16e2d409cb9b5280110e675ce', '4d7a6a9625f74f8d84de31efcd01b639', 'audit_status', '审核状态', 'varchar(20)', 'String', 'auditStatus', '0', '1', '1', '1', '1', '0', '=', 'select', 'template_audit_status', null, 60, '1', '2017-08-12 17:21:57', '1', '2017-08-12 17:43:19', null, '0');
insert into gen_table_column (id, gen_table_id, name, comments, jdbc_type, java_type, java_field, is_pk, is_null, is_insert, is_edit, is_list, is_query, query_type, show_type, dict_type, settings, sort, create_by, create_date, update_by, update_date, remarks, del_flag) values ('9ceee93686d144489c4f7cb96039e055', 'c6664c3c3e184530baf35107fec6797f', 'msg_template', '消息模板', 'varchar(64)', 'String', 'msgTemplate', '0', '0', '1', '1', '1', '1', '=', 'input', '', null, 15, '1', '2017-08-12 20:23:54', '1', '2017-08-12 20:35:25', null, '0');
insert into gen_table_column (id, gen_table_id, name, comments, jdbc_type, java_type, java_field, is_pk, is_null, is_insert, is_edit, is_list, is_query, query_type, show_type, dict_type, settings, sort, create_by, create_date, update_by, update_date, remarks, del_flag) values ('a1bbc661488b4aed864998ac6d5168a6', '0c18c6a42d2448f8998dcd19587af2b3', 'descriptions', '内容描述', 'text', 'String', 'descriptions', '0', '0', '1', '1', '0', '0', '=', 'textarea', '', null, 90, '1', '2015-12-21 18:57:34', '1', '2015-12-21 19:00:54', null, '0');
insert into gen_table_column (id, gen_table_id, name, comments, jdbc_type, java_type, java_field, is_pk, is_null, is_insert, is_edit, is_list, is_query, query_type, show_type, dict_type, settings, sort, create_by, create_date, update_by, update_date, remarks, del_flag) values ('a4c8dc10c7f44b1a92f98cbeac5c58e4', 'e37f2ee7349f4a10b9382ad6916f5e5c', 'title', '主题', 'varchar(200)', 'String', 'title', '0', '0', '1', '1', '1', '1', 'like', 'input', '', null, 20, '1', '2015-12-17 15:46:50', '1', '2015-12-17 15:46:50', null, '0');
insert into gen_table_column (id, gen_table_id, name, comments, jdbc_type, java_type, java_field, is_pk, is_null, is_insert, is_edit, is_list, is_query, query_type, show_type, dict_type, settings, sort, create_by, create_date, update_by, update_date, remarks, del_flag) values ('a6335e84743a45b9950bcb905fa8eac3', '526a5912f50546739ec59a77fef96c6a', 'descriptions', '内容描述', 'text', 'String', 'descriptions', '0', '0', '1', '1', '0', '0', '=', 'textarea', '', null, 80, '1', '2015-12-20 13:14:36', '1', '2015-12-20 14:29:50', null, '0');
insert into gen_table_column (id, gen_table_id, name, comments, jdbc_type, java_type, java_field, is_pk, is_null, is_insert, is_edit, is_list, is_query, query_type, show_type, dict_type, settings, sort, create_by, create_date, update_by, update_date, remarks, del_flag) values ('acd9435933d840cda4b923f32aff2b42', '082599e83d884ab5ab9150f71d356639', 'update_by', '修改人', 'varchar(64)', 'net.uchoice.conveyor.modules.sys.entity.User', 'updateBy.id', '0', '0', '1', '1', '0', '0', '=', 'userselect', '', null, 150, '1', '2017-08-12 19:03:14', '1', '2017-08-12 19:03:14', null, '0');
insert into gen_table_column (id, gen_table_id, name, comments, jdbc_type, java_type, java_field, is_pk, is_null, is_insert, is_edit, is_list, is_query, query_type, show_type, dict_type, settings, sort, create_by, create_date, update_by, update_date, remarks, del_flag) values ('ad3bf0d4b44b4528a5211a66af88f322', 'aef6f1fc948f4c9ab1c1b780bc471cc2', 'office_id', '归属部门', 'varchar2(64)', 'com.thinkgem.jeesite.modules.modules.sys.entity.Office', 'office.id|name', '0', '1', '1', '1', '1', '1', '=', 'officeselect', null, null, 3, '1', '2013-08-12 13:10:05', '1', '2013-08-12 13:10:05', null, '0');
insert into gen_table_column (id, gen_table_id, name, comments, jdbc_type, java_type, java_field, is_pk, is_null, is_insert, is_edit, is_list, is_query, query_type, show_type, dict_type, settings, sort, create_by, create_date, update_by, update_date, remarks, del_flag) values ('ad97bf0063be41aea10e82411adbc025', '4d7a6a9625f74f8d84de31efcd01b639', 'create_by', '创建人', 'varchar(64)', 'net.uchoice.conveyor.modules.sys.entity.User', 'createBy.id', '0', '0', '1', '0', '1', '1', '=', 'userselect', '', null, 80, '1', '2017-08-12 17:21:57', '1', '2017-08-12 17:43:19', null, '0');
insert into gen_table_column (id, gen_table_id, name, comments, jdbc_type, java_type, java_field, is_pk, is_null, is_insert, is_edit, is_list, is_query, query_type, show_type, dict_type, settings, sort, create_by, create_date, update_by, update_date, remarks, del_flag) values ('adaa45ae0451474c9963026eeab7b53a', '526a5912f50546739ec59a77fef96c6a', 'update_date', '更新时间', 'datetime', 'java.util.Date', 'updateDate', '0', '0', '1', '1', '0', '0', '=', 'dateselect', '', null, 120, '1', '2015-12-20 13:14:36', '1', '2015-12-20 14:29:50', null, '0');
insert into gen_table_column (id, gen_table_id, name, comments, jdbc_type, java_type, java_field, is_pk, is_null, is_insert, is_edit, is_list, is_query, query_type, show_type, dict_type, settings, sort, create_by, create_date, update_by, update_date, remarks, del_flag) values ('ae134038fc144e2ba01f7fb1c31d7b95', '0c18c6a42d2448f8998dcd19587af2b3', 'title', '主题', 'varchar(200)', 'String', 'title', '0', '0', '1', '1', '1', '1', 'like', 'input', '', null, 20, '1', '2015-12-21 18:57:34', '1', '2015-12-21 19:00:54', null, '0');
insert into gen_table_column (id, gen_table_id, name, comments, jdbc_type, java_type, java_field, is_pk, is_null, is_insert, is_edit, is_list, is_query, query_type, show_type, dict_type, settings, sort, create_by, create_date, update_by, update_date, remarks, del_flag) values ('af0cb4990b92436a8a5b0c34effad6fe', 'e37f2ee7349f4a10b9382ad6916f5e5c', 'create_by', '上传者', 'varchar(64)', 'com.thinkgem.jeesite.modules.sys.entity.User', 'createBy.id', '0', '0', '1', '0', '1', '1', '=', 'userselect', '', null, 50, '1', '2015-12-17 15:46:50', '1', '2015-12-17 15:46:50', null, '0');
insert into gen_table_column (id, gen_table_id, name, comments, jdbc_type, java_type, java_field, is_pk, is_null, is_insert, is_edit, is_list, is_query, query_type, show_type, dict_type, settings, sort, create_by, create_date, update_by, update_date, remarks, del_flag) values ('b2a345d22e924e36ab8c243924cdda81', 'c6664c3c3e184530baf35107fec6797f', 'title', '标题', 'varchar(100)', 'String', 'title', '0', '0', '1', '1', '1', '1', 'like', 'input', '', null, 40, '1', '2017-08-12 20:23:54', '1', '2017-08-12 20:35:25', null, '0');
insert into gen_table_column (id, gen_table_id, name, comments, jdbc_type, java_type, java_field, is_pk, is_null, is_insert, is_edit, is_list, is_query, query_type, show_type, dict_type, settings, sort, create_by, create_date, update_by, update_date, remarks, del_flag) values ('b819c406e642438cac5e8b4f72c66f97', '4d7a6a9625f74f8d84de31efcd01b639', 'update_by', '修改人', 'varchar(64)', 'net.uchoice.conveyor.modules.sys.entity.User', 'updateBy.id', '0', '0', '1', '1', '0', '0', '=', 'userselect', '', null, 100, '1', '2017-08-12 17:21:57', '1', '2017-08-12 17:43:19', null, '0');
insert into gen_table_column (id, gen_table_id, name, comments, jdbc_type, java_type, java_field, is_pk, is_null, is_insert, is_edit, is_list, is_query, query_type, show_type, dict_type, settings, sort, create_by, create_date, update_by, update_date, remarks, del_flag) values ('bb1256a8d1b741f6936d8fed06f45eed', 'f6e4dafaa72f4c509636484715f33a96', 'update_by', '更新者', 'varchar2(64)', 'com.thinkgem.jeesite.modules.modules.sys.entity.User', 'updateBy.id', '0', '0', '1', '1', '0', '0', '=', 'input', null, null, 8, '1', '2013-08-12 13:10:05', '1', '2013-08-12 13:10:05', null, '0');
insert into gen_table_column (id, gen_table_id, name, comments, jdbc_type, java_type, java_field, is_pk, is_null, is_insert, is_edit, is_list, is_query, query_type, show_type, dict_type, settings, sort, create_by, create_date, update_by, update_date, remarks, del_flag) values ('bfa45556d57c48af81b1ab6ac7108b10', '526a5912f50546739ec59a77fef96c6a', 'author', '负责人', 'varchar(100)', 'String', 'author', '0', '0', '1', '1', '1', '1', 'like', 'input', '', null, 40, '1', '2015-12-20 13:14:36', '1', '2015-12-20 14:29:50', null, '0');
insert into gen_table_column (id, gen_table_id, name, comments, jdbc_type, java_type, java_field, is_pk, is_null, is_insert, is_edit, is_list, is_query, query_type, show_type, dict_type, settings, sort, create_by, create_date, update_by, update_date, remarks, del_flag) values ('c2619f47f4944876993b7392a7ac4d12', '0c18c6a42d2448f8998dcd19587af2b3', 'update_date', '更新时间', 'datetime', 'java.util.Date', 'updateDate', '0', '0', '1', '1', '0', '0', '=', 'dateselect', '', null, 130, '1', '2015-12-21 18:57:34', '1', '2015-12-21 19:00:54', null, '0');
insert into gen_table_column (id, gen_table_id, name, comments, jdbc_type, java_type, java_field, is_pk, is_null, is_insert, is_edit, is_list, is_query, query_type, show_type, dict_type, settings, sort, create_by, create_date, update_by, update_date, remarks, del_flag) values ('c2ea28c08fba4407841d42b6d23ed216', '082599e83d884ab5ab9150f71d356639', 'update_date', '修改时间', 'datetime', 'java.util.Date', 'updateDate', '0', '0', '1', '1', '0', '0', '=', 'dateselect', '', null, 160, '1', '2017-08-12 19:03:14', '1', '2017-08-12 19:03:14', null, '0');
insert into gen_table_column (id, gen_table_id, name, comments, jdbc_type, java_type, java_field, is_pk, is_null, is_insert, is_edit, is_list, is_query, query_type, show_type, dict_type, settings, sort, create_by, create_date, update_by, update_date, remarks, del_flag) values ('c3d5cf975cfd48118176dbab0de9183c', '526a5912f50546739ec59a77fef96c6a', 'create_date', '上传时间', 'datetime', 'java.util.Date', 'createDate', '0', '0', '1', '1', '1', '1', '=', 'dateselect', '', null, 100, '1', '2015-12-20 13:14:36', '1', '2015-12-20 14:29:50', null, '0');
insert into gen_table_column (id, gen_table_id, name, comments, jdbc_type, java_type, java_field, is_pk, is_null, is_insert, is_edit, is_list, is_query, query_type, show_type, dict_type, settings, sort, create_by, create_date, update_by, update_date, remarks, del_flag) values ('c3fd8d02bb31479c9d37a49feb4c02d5', '082599e83d884ab5ab9150f71d356639', 'send_time_lmt', '发送时间限制', 'varchar(100)', 'String', 'sendTimeLmt', '0', '1', '1', '1', '0', '0', '=', 'input', '', null, 110, '1', '2017-08-12 19:03:14', '1', '2017-08-12 19:03:14', null, '0');
insert into gen_table_column (id, gen_table_id, name, comments, jdbc_type, java_type, java_field, is_pk, is_null, is_insert, is_edit, is_list, is_query, query_type, show_type, dict_type, settings, sort, create_by, create_date, update_by, update_date, remarks, del_flag) values ('c84597fb87fb443694839910cb338bfa', '526a5912f50546739ec59a77fef96c6a', 'del_flag', '删除标记', 'char(1)', 'String', 'delFlag', '0', '0', '1', '0', '0', '0', '=', 'radiobox', 'del_flag', null, 140, '1', '2015-12-20 13:14:36', '1', '2015-12-20 14:29:50', null, '0');
insert into gen_table_column (id, gen_table_id, name, comments, jdbc_type, java_type, java_field, is_pk, is_null, is_insert, is_edit, is_list, is_query, query_type, show_type, dict_type, settings, sort, create_by, create_date, update_by, update_date, remarks, del_flag) values ('ca68a2d403f0449cbaa1d54198c6f350', '43d6d5acffa14c258340ce6765e46c6f', 'office_id', '归属部门', 'varchar2(64)', 'com.thinkgem.jeesite.modules.modules.sys.entity.Office', 'office.id|name', '0', '1', '1', '1', '0', '0', '=', 'officeselect', null, null, 3, '1', '2013-08-12 13:10:05', '1', '2013-08-12 13:10:05', null, '0');
insert into gen_table_column (id, gen_table_id, name, comments, jdbc_type, java_type, java_field, is_pk, is_null, is_insert, is_edit, is_list, is_query, query_type, show_type, dict_type, settings, sort, create_by, create_date, update_by, update_date, remarks, del_flag) values ('ca69e96d98c1433fb30affae3ebecbd4', 'e37f2ee7349f4a10b9382ad6916f5e5c', 'files', '附件', 'varchar(2000)', 'String', 'files', '0', '0', '1', '1', '1', '0', '=', 'fileselect', '', null, 70, '1', '2015-12-17 15:46:50', '1', '2015-12-17 15:46:50', null, '0');
insert into gen_table_column (id, gen_table_id, name, comments, jdbc_type, java_type, java_field, is_pk, is_null, is_insert, is_edit, is_list, is_query, query_type, show_type, dict_type, settings, sort, create_by, create_date, update_by, update_date, remarks, del_flag) values ('cb9c0ec3da26432d9cbac05ede0fd1d0', '43d6d5acffa14c258340ce6765e46c6f', 'remarks', '备注信息', 'nvarchar2(255)', 'String', 'remarks', '0', '1', '1', '1', '1', '0', '=', 'textarea', null, null, 12, '1', '2013-08-12 13:10:05', '1', '2013-08-12 13:10:05', null, '0');
insert into gen_table_column (id, gen_table_id, name, comments, jdbc_type, java_type, java_field, is_pk, is_null, is_insert, is_edit, is_list, is_query, query_type, show_type, dict_type, settings, sort, create_by, create_date, update_by, update_date, remarks, del_flag) values ('ce814f5a639940ff8472081affaabbc0', 'e37f2ee7349f4a10b9382ad6916f5e5c', 'id', '编号', 'varchar(64)', 'String', 'id', '1', '0', '1', '0', '0', '0', '=', 'input', '', null, 10, '1', '2015-12-17 15:46:50', '1', '2015-12-17 15:46:50', null, '0');
insert into gen_table_column (id, gen_table_id, name, comments, jdbc_type, java_type, java_field, is_pk, is_null, is_insert, is_edit, is_list, is_query, query_type, show_type, dict_type, settings, sort, create_by, create_date, update_by, update_date, remarks, del_flag) values ('cfcfa06ea61749c9b4c4dbc507e0e580', 'f6e4dafaa72f4c509636484715f33a96', 'id', '编号', 'varchar2(64)', 'String', 'id', '1', '0', '1', '0', '0', '0', '=', 'input', null, null, 1, '1', '2013-08-12 13:10:05', '1', '2013-08-12 13:10:05', null, '0');
insert into gen_table_column (id, gen_table_id, name, comments, jdbc_type, java_type, java_field, is_pk, is_null, is_insert, is_edit, is_list, is_query, query_type, show_type, dict_type, settings, sort, create_by, create_date, update_by, update_date, remarks, del_flag) values ('d125e5dd77854d9eb2a47e019474f992', '0c18c6a42d2448f8998dcd19587af2b3', 'collect_target', '采集对象', 'varchar(2000)', 'String', 'collectTarget', '0', '0', '1', '1', '1', '1', 'like', 'input', '', null, 70, '1', '2015-12-21 18:57:34', '1', '2015-12-21 19:00:54', null, '0');
insert into gen_table_column (id, gen_table_id, name, comments, jdbc_type, java_type, java_field, is_pk, is_null, is_insert, is_edit, is_list, is_query, query_type, show_type, dict_type, settings, sort, create_by, create_date, update_by, update_date, remarks, del_flag) values ('d14420daab614813a467713a336cd29c', 'c6664c3c3e184530baf35107fec6797f', 'create_time', '记录时间', 'datetime', 'java.util.Date', 'createTime', '0', '1', '1', '1', '1', '0', '=', 'dateselect', '', null, 80, '1', '2017-08-12 20:23:54', '1', '2017-08-12 20:35:25', null, '0');
insert into gen_table_column (id, gen_table_id, name, comments, jdbc_type, java_type, java_field, is_pk, is_null, is_insert, is_edit, is_list, is_query, query_type, show_type, dict_type, settings, sort, create_by, create_date, update_by, update_date, remarks, del_flag) values ('d1b6118768f24ad09cf0fdacfb97d047', '526a5912f50546739ec59a77fef96c6a', 'collect_target', '采集对象', 'varchar(2000)', 'String', 'collectTarget', '0', '0', '1', '1', '1', '1', 'like', 'input', '', null, 70, '1', '2015-12-20 13:14:36', '1', '2015-12-20 14:29:50', null, '0');
insert into gen_table_column (id, gen_table_id, name, comments, jdbc_type, java_type, java_field, is_pk, is_null, is_insert, is_edit, is_list, is_query, query_type, show_type, dict_type, settings, sort, create_by, create_date, update_by, update_date, remarks, del_flag) values ('d5c2d932ae904aa8a9f9ef34cd36fb0b', '43d6d5acffa14c258340ce6765e46c6f', 'sex', '性别', 'char(1)', 'String', 'sex', '0', '1', '1', '1', '0', '1', '=', 'select', 'sex', null, 6, '1', '2013-08-12 13:10:05', '1', '2013-08-12 13:10:05', null, '0');
insert into gen_table_column (id, gen_table_id, name, comments, jdbc_type, java_type, java_field, is_pk, is_null, is_insert, is_edit, is_list, is_query, query_type, show_type, dict_type, settings, sort, create_by, create_date, update_by, update_date, remarks, del_flag) values ('dc93ca2ae40444579b928dedfb5b70fe', 'e37f2ee7349f4a10b9382ad6916f5e5c', 'job_time', '作业时间', 'datetime', 'java.util.Date', 'jobTime', '0', '1', '1', '1', '0', '0', '=', 'dateselect', '', null, 80, '1', '2015-12-17 15:46:50', '1', '2015-12-17 15:46:50', null, '0');
insert into gen_table_column (id, gen_table_id, name, comments, jdbc_type, java_type, java_field, is_pk, is_null, is_insert, is_edit, is_list, is_query, query_type, show_type, dict_type, settings, sort, create_by, create_date, update_by, update_date, remarks, del_flag) values ('e64050a2ebf041faa16f12dda5dcf784', '6e05c389f3c6415ea34e55e9dfb28934', 'name', '名称', 'nvarchar2(100)', 'String', 'name', '0', '1', '1', '1', '1', '1', 'like', 'input', null, null, 3, '1', '2013-08-12 13:10:05', '1', '2013-08-12 13:10:05', null, '0');
insert into gen_table_column (id, gen_table_id, name, comments, jdbc_type, java_type, java_field, is_pk, is_null, is_insert, is_edit, is_list, is_query, query_type, show_type, dict_type, settings, sort, create_by, create_date, update_by, update_date, remarks, del_flag) values ('e8d11127952d4aa288bb3901fc83127f', '43d6d5acffa14c258340ce6765e46c6f', 'del_flag', '删除标记（0：正常；1：删除）', 'char(1)', 'String', 'delFlag', '0', '0', '1', '0', '0', '0', '=', 'radiobox', 'del_flag', null, 13, '1', '2013-08-12 13:10:05', '1', '2013-08-12 13:10:05', null, '0');
insert into gen_table_column (id, gen_table_id, name, comments, jdbc_type, java_type, java_field, is_pk, is_null, is_insert, is_edit, is_list, is_query, query_type, show_type, dict_type, settings, sort, create_by, create_date, update_by, update_date, remarks, del_flag) values ('e9a76a6394344a95b34b6407ff10162b', '0c18c6a42d2448f8998dcd19587af2b3', 'collect_time', '采集时间', 'datetime', 'java.util.Date', 'collectTime', '0', '0', '1', '1', '1', '1', '=', 'dateselect', '', null, 60, '1', '2015-12-21 18:57:34', '1', '2015-12-21 19:00:54', null, '0');
insert into gen_table_column (id, gen_table_id, name, comments, jdbc_type, java_type, java_field, is_pk, is_null, is_insert, is_edit, is_list, is_query, query_type, show_type, dict_type, settings, sort, create_by, create_date, update_by, update_date, remarks, del_flag) values ('eb2e5afd13f147a990d30e68e7f64e12', 'aef6f1fc948f4c9ab1c1b780bc471cc2', 'update_date', '更新时间', 'timestamp(6)', 'java.util.Date', 'updateDate', '0', '0', '1', '1', '1', '0', '=', 'dateselect', null, null, 11, '1', '2013-08-12 13:10:05', '1', '2013-08-12 13:10:05', null, '0');
insert into gen_table_column (id, gen_table_id, name, comments, jdbc_type, java_type, java_field, is_pk, is_null, is_insert, is_edit, is_list, is_query, query_type, show_type, dict_type, settings, sort, create_by, create_date, update_by, update_date, remarks, del_flag) values ('efc60534aa0a4072b119e1ccc7201038', '4d7a6a9625f74f8d84de31efcd01b639', 'id', 'id', 'varchar(64)', 'String', 'id', '1', '0', '1', '0', '0', '0', '=', 'input', '', null, 10, '1', '2017-08-12 17:21:57', '1', '2017-08-12 17:43:19', null, '0');
insert into gen_table_column (id, gen_table_id, name, comments, jdbc_type, java_type, java_field, is_pk, is_null, is_insert, is_edit, is_list, is_query, query_type, show_type, dict_type, settings, sort, create_by, create_date, update_by, update_date, remarks, del_flag) values ('f5ed8c82bad0413fbfcccefa95931358', 'f6e4dafaa72f4c509636484715f33a96', 'remarks', '备注信息', 'nvarchar2(255)', 'String', 'remarks', '0', '1', '1', '1', '1', '0', '=', 'textarea', null, null, 10, '1', '2013-08-12 13:10:05', '1', '2013-08-12 13:10:05', null, '0');
insert into gen_table_column (id, gen_table_id, name, comments, jdbc_type, java_type, java_field, is_pk, is_null, is_insert, is_edit, is_list, is_query, query_type, show_type, dict_type, settings, sort, create_by, create_date, update_by, update_date, remarks, del_flag) values ('f7d0bd66fe274776b87347ec74a34bdb', 'e37f2ee7349f4a10b9382ad6916f5e5c', 'create_date', '上传时间', 'datetime', 'java.util.Date', 'createDate', '0', '0', '1', '0', '1', '1', '=', 'dateselect', '', null, 60, '1', '2015-12-17 15:46:50', '1', '2015-12-17 15:46:50', null, '0');
insert into gen_table_column (id, gen_table_id, name, comments, jdbc_type, java_type, java_field, is_pk, is_null, is_insert, is_edit, is_list, is_query, query_type, show_type, dict_type, settings, sort, create_by, create_date, update_by, update_date, remarks, del_flag) values ('f7f604b58950410bafff015346cfafe2', '082599e83d884ab5ab9150f71d356639', 'send_status', '发送状态', 'varchar(20)', 'String', 'sendStatus', '0', '0', '1', '1', '1', '1', '=', 'select', 'send_type', null, 70, '1', '2017-08-12 19:03:14', '1', '2017-08-12 19:03:14', null, '0');
insert into gen_table_column (id, gen_table_id, name, comments, jdbc_type, java_type, java_field, is_pk, is_null, is_insert, is_edit, is_list, is_query, query_type, show_type, dict_type, settings, sort, create_by, create_date, update_by, update_date, remarks, del_flag) values ('fa09056ef5e84ea4be88114ac20f2d79', '0c18c6a42d2448f8998dcd19587af2b3', 'files', '视频', 'varchar(2000)', 'String', 'files', '0', '0', '1', '1', '0', '0', '=', 'fileselect', '', null, 50, '1', '2015-12-21 18:57:34', '1', '2015-12-21 19:00:54', null, '0');
insert into gen_table_column (id, gen_table_id, name, comments, jdbc_type, java_type, java_field, is_pk, is_null, is_insert, is_edit, is_list, is_query, query_type, show_type, dict_type, settings, sort, create_by, create_date, update_by, update_date, remarks, del_flag) values ('fa82e17ba96e48fb9d16b1fe0d517eae', '4d7a6a9625f74f8d84de31efcd01b639', 'title', '标题', 'varchar(100)', 'String', 'title', '0', '0', '1', '1', '1', '1', 'like', 'input', '', null, 30, '1', '2017-08-12 17:21:57', '1', '2017-08-12 17:43:19', null, '0');
insert into gen_table_column (id, gen_table_id, name, comments, jdbc_type, java_type, java_field, is_pk, is_null, is_insert, is_edit, is_list, is_query, query_type, show_type, dict_type, settings, sort, create_by, create_date, update_by, update_date, remarks, del_flag) values ('fabaa2080da14d16bb08a508281ce09f', 'e37f2ee7349f4a10b9382ad6916f5e5c', 'remarks', '备注信息', 'varchar(255)', 'String', 'remarks', '0', '1', '1', '1', '0', '0', '=', 'textarea', '', null, 110, '1', '2015-12-17 15:46:50', '1', '2015-12-17 15:46:50', null, '0');
insert into gen_table_column (id, gen_table_id, name, comments, jdbc_type, java_type, java_field, is_pk, is_null, is_insert, is_edit, is_list, is_query, query_type, show_type, dict_type, settings, sort, create_by, create_date, update_by, update_date, remarks, del_flag) values ('fb9453a5dc114e71bc7c079dc0e3c9bf', '4d7a6a9625f74f8d84de31efcd01b639', 'audit_by', '审核人', 'varchar(64)', 'net.uchoice.conveyor.modules.sys.entity.User', 'auditBy.id', '0', '1', '1', '1', '1', '1', '=', 'userselect', '', null, 70, '1', '2017-08-12 17:21:57', '1', '2017-08-12 17:43:19', null, '0');
insert into gen_table_column (id, gen_table_id, name, comments, jdbc_type, java_type, java_field, is_pk, is_null, is_insert, is_edit, is_list, is_query, query_type, show_type, dict_type, settings, sort, create_by, create_date, update_by, update_date, remarks, del_flag) values ('fe03736358ec49d2babc0ab6c04fc25b', 'e37f2ee7349f4a10b9382ad6916f5e5c', 'update_by', '更新者', 'varchar(64)', 'com.thinkgem.jeesite.modules.sys.entity.User', 'updateBy.id', '0', '0', '1', '0', '0', '0', '=', 'input', '', null, 90, '1', '2015-12-17 15:46:50', '1', '2015-12-17 15:46:50', null, '0');
insert into gen_table_column (id, gen_table_id, name, comments, jdbc_type, java_type, java_field, is_pk, is_null, is_insert, is_edit, is_list, is_query, query_type, show_type, dict_type, settings, sort, create_by, create_date, update_by, update_date, remarks, del_flag) values ('ff6d32d6a2554e62a754ff01448c2da9', 'c6664c3c3e184530baf35107fec6797f', 'id', '消息ID', 'varchar(64)', 'String', 'id', '1', '0', '1', '0', '1', '1', '=', 'input', '', null, 10, '1', '2017-08-12 20:23:54', '1', '2017-08-12 20:35:25', null, '0');
DROP TABLE gen_template;
CREATE TABLE gen_template ( id varchar(64) NOT NULL COMMENT '编号', name varchar(200) COMMENT '名称', category varchar(2000) COMMENT '分类', file_path varchar(500) COMMENT '生成文件路径', file_name varchar(200) COMMENT '生成文件名', content text COMMENT '内容', create_by varchar(64) COMMENT '创建者', create_date datetime COMMENT '创建时间', update_by varchar(64) COMMENT '更新者', update_date datetime COMMENT '更新时间', remarks varchar(255) COMMENT '备注信息', del_flag char(1) DEFAULT '0' NOT NULL COMMENT '删除标记（0：正常；1：删除）', PRIMARY KEY (id) ) ENGINE=InnoDB DEFAULT CHARSET=utf8 COMMENT='代码模板表';
DROP TABLE sys_area;
CREATE TABLE sys_area ( id varchar(64) NOT NULL COMMENT '编号', parent_id varchar(64) NOT NULL COMMENT '父级编号', parent_ids varchar(2000) NOT NULL COMMENT '所有父级编号', name varchar(100) NOT NULL COMMENT '名称', sort decimal NOT NULL COMMENT '排序', code varchar(100) COMMENT '区域编码', type char(1) COMMENT '区域类型', create_by varchar(64) NOT NULL COMMENT '创建者', create_date datetime NOT NULL COMMENT '创建时间', update_by varchar(64) NOT NULL COMMENT '更新者', update_date datetime NOT NULL COMMENT '更新时间', remarks varchar(255) COMMENT '备注信息', del_flag char(1) DEFAULT '0' NOT NULL COMMENT '删除标记', PRIMARY KEY (id) ) ENGINE=InnoDB DEFAULT CHARSET=utf8 COMMENT='区域表';
insert into sys_area (id, parent_id, parent_ids, name, sort, code, type, create_by, create_date, update_by, update_date, remarks, del_flag) values ('1', '0', '0,', '中国', 10, '100000', '1', '1', '2013-05-27 08:00:00', '1', '2013-05-27 08:00:00', null, '0');
insert into sys_area (id, parent_id, parent_ids, name, sort, code, type, create_by, create_date, update_by, update_date, remarks, del_flag) values ('2', '1', '0,1,', '四川省', 20, '110000', '2', '1', '2013-05-27 08:00:00', '1', '2016-01-03 11:30:44', '', '1');
insert into sys_area (id, parent_id, parent_ids, name, sort, code, type, create_by, create_date, update_by, update_date, remarks, del_flag) values ('3', '2', '0,1,2,', '成都市', 30, '110101', '3', '1', '2013-05-27 08:00:00', '1', '2016-01-03 11:30:53', '', '1');
insert into sys_area (id, parent_id, parent_ids, name, sort, code, type, create_by, create_date, update_by, update_date, remarks, del_flag) values ('4', '3', '0,1,2,3,', '历城区', 40, '110102', '4', '1', '2013-05-27 08:00:00', '1', '2013-05-27 08:00:00', null, '1');
insert into sys_area (id, parent_id, parent_ids, name, sort, code, type, create_by, create_date, update_by, update_date, remarks, del_flag) values ('5', '3', '0,1,2,3,', '历下区', 50, '110104', '4', '1', '2013-05-27 08:00:00', '1', '2013-05-27 08:00:00', null, '1');
insert into sys_area (id, parent_id, parent_ids, name, sort, code, type, create_by, create_date, update_by, update_date, remarks, del_flag) values ('6', '3', '0,1,2,3,', '高新区', 60, '110105', '4', '1', '2013-05-27 08:00:00', '1', '2013-05-27 08:00:00', null, '1');
insert into sys_area (id, parent_id, parent_ids, name, sort, code, type, create_by, create_date, update_by, update_date, remarks, del_flag) values ('8aa4b761038a4bfdb97208ef0957c504', '6', '0,1,2,3,6,', '啊啊', 30, '', '1', '1', '2015-12-17 15:14:59', '1', '2015-12-17 15:14:59', '', '1');
DROP TABLE sys_dict;
CREATE TABLE sys_dict ( id varchar(64) NOT NULL COMMENT '编号', value varchar(100) NOT NULL COMMENT '数据值', label varchar(100) NOT NULL COMMENT '标签名', type varchar(100) NOT NULL COMMENT '类型', description varchar(100) NOT NULL COMMENT '描述', sort decimal NOT NULL COMMENT '排序（升序）', parent_id varchar(64) DEFAULT '0' COMMENT '父级编号', create_by varchar(64) NOT NULL COMMENT '创建者', create_date datetime NOT NULL COMMENT '创建时间', update_by varchar(64) NOT NULL COMMENT '更新者', update_date datetime NOT NULL COMMENT '更新时间', remarks varchar(255) COMMENT '备注信息', del_flag char(1) DEFAULT '0' NOT NULL COMMENT '删除标记', PRIMARY KEY (id) ) ENGINE=InnoDB DEFAULT CHARSET=utf8 COMMENT='字典表';
insert into sys_dict (id, value, label, type, description, sort, parent_id, create_by, create_date, update_by, update_date, remarks, del_flag) values ('0344059881ad4053b97a5ea073cc1c80', 'AAA', 'D1', '机组号', 'D1', 10, '0', '1', '2016-03-21 12:41:31', '4351a10c5475453da9b1449ccdbb32b2', '2016-06-21 11:35:24', '', '1');
insert into sys_dict (id, value, label, type, description, sort, parent_id, create_by, create_date, update_by, update_date, remarks, del_flag) values ('03cf2ebd0db945168b65496a3e138772', '1', '审核中', 'template_audit_status', '消息模板状态', 20, '0', '1', '2017-08-12 17:14:32', '1', '2017-08-12 17:14:32', '', '0');
insert into sys_dict (id, value, label, type, description, sort, parent_id, create_by, create_date, update_by, update_date, remarks, del_flag) values ('0687107b7f2940b893e5f7bb5beb058f', '2', '审核通过', 'template_audit_status', '消息模板状态', 30, '0', '1', '2017-08-12 17:14:47', '1', '2017-08-12 17:14:47', '', '0');
insert into sys_dict (id, value, label, type, description, sort, parent_id, create_by, create_date, update_by, update_date, remarks, del_flag) values ('1', '0', '正常', 'del_flag', '删除标记', 10, '0', '1', '2013-05-27 08:00:00', '1', '2013-05-27 08:00:00', null, '0');
insert into sys_dict (id, value, label, type, description, sort, parent_id, create_by, create_date, update_by, update_date, remarks, del_flag) values ('10', 'yellow', '黄色', 'color', '颜色值', 40, '0', '1', '2013-05-27 08:00:00', '1', '2013-05-27 08:00:00', null, '0');
insert into sys_dict (id, value, label, type, description, sort, parent_id, create_by, create_date, update_by, update_date, remarks, del_flag) values ('100', 'java.util.Date', 'Date', 'gen_java_type', 'Java类型  ', 50, '0', '1', '2013-10-28 08:00:00', '1', '2013-10-28 08:00:00', null, '1');
insert into sys_dict (id, value, label, type, description, sort, parent_id, create_by, create_date, update_by, update_date, remarks, del_flag) values ('101', 'com.thinkgem.jeesite.modules.sys.entity.User', 'User', 'gen_java_type', 'Java类型  ', 60, '0', '1', '2013-10-28 08:00:00', '1', '2013-10-28 08:00:00', null, '1');
insert into sys_dict (id, value, label, type, description, sort, parent_id, create_by, create_date, update_by, update_date, remarks, del_flag) values ('102', 'com.thinkgem.jeesite.modules.sys.entity.Office', 'Office', 'gen_java_type', 'Java类型  ', 70, '0', '1', '2013-10-28 08:00:00', '1', '2013-10-28 08:00:00', null, '1');
insert into sys_dict (id, value, label, type, description, sort, parent_id, create_by, create_date, update_by, update_date, remarks, del_flag) values ('103', 'com.thinkgem.jeesite.modules.sys.entity.Area', 'Area', 'gen_java_type', 'Java类型  ', 80, '0', '1', '2013-10-28 08:00:00', '1', '2013-10-28 08:00:00', null, '1');
insert into sys_dict (id, value, label, type, description, sort, parent_id, create_by, create_date, update_by, update_date, remarks, del_flag) values ('104', 'Custom', 'Custom', 'gen_java_type', 'Java类型  ', 90, '0', '1', '2013-10-28 08:00:00', '1', '2013-10-28 08:00:00', null, '1');
insert into sys_dict (id, value, label, type, description, sort, parent_id, create_by, create_date, update_by, update_date, remarks, del_flag) values ('105', '1', '会议通告    ', 'oa_notify_type', '通知通告类型', 10, '0', '1', '2013-11-08 08:00:00', '1', '2013-11-08 08:00:00', null, '1');
insert into sys_dict (id, value, label, type, description, sort, parent_id, create_by, create_date, update_by, update_date, remarks, del_flag) values ('106', '2', '奖惩通告    ', 'oa_notify_type', '通知通告类型', 20, '0', '1', '2013-11-08 08:00:00', '1', '2013-11-08 08:00:00', null, '1');
insert into sys_dict (id, value, label, type, description, sort, parent_id, create_by, create_date, update_by, update_date, remarks, del_flag) values ('107', '3', '活动通告    ', 'oa_notify_type', '通知通告类型', 30, '0', '1', '2013-11-08 08:00:00', '1', '2013-11-08 08:00:00', null, '1');
insert into sys_dict (id, value, label, type, description, sort, parent_id, create_by, create_date, update_by, update_date, remarks, del_flag) values ('108', '0', '草稿', 'oa_notify_status', '通知通告状态', 10, '0', '1', '2013-11-08 08:00:00', '1', '2013-11-08 08:00:00', null, '1');
insert into sys_dict (id, value, label, type, description, sort, parent_id, create_by, create_date, update_by, update_date, remarks, del_flag) values ('109', '1', '发布', 'oa_notify_status', '通知通告状态', 20, '0', '1', '2013-11-08 08:00:00', '1', '2013-11-08 08:00:00', null, '1');
insert into sys_dict (id, value, label, type, description, sort, parent_id, create_by, create_date, update_by, update_date, remarks, del_flag) values ('11', 'orange', '橙色', 'color', '颜色值', 50, '0', '1', '2013-05-27 08:00:00', '1', '2013-05-27 08:00:00', null, '0');
insert into sys_dict (id, value, label, type, description, sort, parent_id, create_by, create_date, update_by, update_date, remarks, del_flag) values ('110', '0', '未读', 'oa_notify_read', '通知通告状态', 10, '0', '1', '2013-11-08 08:00:00', '1', '2013-11-08 08:00:00', null, '1');
insert into sys_dict (id, value, label, type, description, sort, parent_id, create_by, create_date, update_by, update_date, remarks, del_flag) values ('111', '1', '已读', 'oa_notify_read', '通知通告状态', 20, '0', '1', '2013-11-08 08:00:00', '1', '2013-11-08 08:00:00', null, '1');
insert into sys_dict (id, value, label, type, description, sort, parent_id, create_by, create_date, update_by, update_date, remarks, del_flag) values ('12', 'default', '默认主题', 'theme', '主题方案', 10, '0', '1', '2013-05-27 08:00:00', '1', '2013-05-27 08:00:00', null, '0');
insert into sys_dict (id, value, label, type, description, sort, parent_id, create_by, create_date, update_by, update_date, remarks, del_flag) values ('13', 'cerulean', '天蓝主题', 'theme', '主题方案', 20, '0', '1', '2013-05-27 08:00:00', '1', '2013-05-27 08:00:00', null, '0');
insert into sys_dict (id, value, label, type, description, sort, parent_id, create_by, create_date, update_by, update_date, remarks, del_flag) values ('14', 'readable', '橙色主题', 'theme', '主题方案', 30, '0', '1', '2013-05-27 08:00:00', '1', '2013-05-27 08:00:00', null, '0');
insert into sys_dict (id, value, label, type, description, sort, parent_id, create_by, create_date, update_by, update_date, remarks, del_flag) values ('15', 'united', '红色主题', 'theme', '主题方案', 40, '0', '1', '2013-05-27 08:00:00', '1', '2013-05-27 08:00:00', null, '0');
insert into sys_dict (id, value, label, type, description, sort, parent_id, create_by, create_date, update_by, update_date, remarks, del_flag) values ('16', 'flat', 'Flat主题', 'theme', '主题方案', 60, '0', '1', '2013-05-27 08:00:00', '1', '2013-05-27 08:00:00', null, '0');
insert into sys_dict (id, value, label, type, description, sort, parent_id, create_by, create_date, update_by, update_date, remarks, del_flag) values ('17', '1', '国家', 'sys_area_type', '区域类型', 10, '0', '1', '2013-05-27 08:00:00', '1', '2013-05-27 08:00:00', null, '0');
insert into sys_dict (id, value, label, type, description, sort, parent_id, create_by, create_date, update_by, update_date, remarks, del_flag) values ('18', '2', '省份、直辖市', 'sys_area_type', '区域类型', 20, '0', '1', '2013-05-27 08:00:00', '1', '2013-05-27 08:00:00', null, '0');
insert into sys_dict (id, value, label, type, description, sort, parent_id, create_by, create_date, update_by, update_date, remarks, del_flag) values ('1877fb089dce4c72a2bab55c8aec6ded', '0', '待发送', 'send_status', '发送状态', 10, '0', '1', '2017-08-12 18:33:52', '1', '2017-08-12 20:04:36', '', '0');
insert into sys_dict (id, value, label, type, description, sort, parent_id, create_by, create_date, update_by, update_date, remarks, del_flag) values ('19', '3', '地市', 'sys_area_type', '区域类型', 30, '0', '1', '2013-05-27 08:00:00', '1', '2013-05-27 08:00:00', null, '0');
insert into sys_dict (id, value, label, type, description, sort, parent_id, create_by, create_date, update_by, update_date, remarks, del_flag) values ('1c4b1cd87b754aec8fe1756129ce1fbc', '其他', '其他', '电站', '其他', 20, '0', '1', '2016-03-21 12:42:07', '1', '2016-03-21 12:42:07', '', '1');
insert into sys_dict (id, value, label, type, description, sort, parent_id, create_by, create_date, update_by, update_date, remarks, del_flag) values ('2', '1', '删除', 'del_flag', '删除标记', 20, '0', '1', '2013-05-27 08:00:00', '1', '2013-05-27 08:00:00', null, '0');
insert into sys_dict (id, value, label, type, description, sort, parent_id, create_by, create_date, update_by, update_date, remarks, del_flag) values ('20', '4', '区县', 'sys_area_type', '区域类型', 40, '0', '1', '2013-05-27 08:00:00', '1', '2013-05-27 08:00:00', null, '0');
insert into sys_dict (id, value, label, type, description, sort, parent_id, create_by, create_date, update_by, update_date, remarks, del_flag) values ('21', '1', '公司', 'sys_office_type', '机构类型', 60, '0', '1', '2013-05-27 08:00:00', '1', '2013-05-27 08:00:00', null, '0');
insert into sys_dict (id, value, label, type, description, sort, parent_id, create_by, create_date, update_by, update_date, remarks, del_flag) values ('22', '2', '部门', 'sys_office_type', '机构类型', 70, '0', '1', '2013-05-27 08:00:00', '1', '2013-05-27 08:00:00', null, '0');
insert into sys_dict (id, value, label, type, description, sort, parent_id, create_by, create_date, update_by, update_date, remarks, del_flag) values ('23', '3', '小组', 'sys_office_type', '机构类型', 80, '0', '1', '2013-05-27 08:00:00', '1', '2013-05-27 08:00:00', null, '0');
insert into sys_dict (id, value, label, type, description, sort, parent_id, create_by, create_date, update_by, update_date, remarks, del_flag) values ('24', '4', '其它', 'sys_office_type', '机构类型', 90, '0', '1', '2013-05-27 08:00:00', '1', '2013-05-27 08:00:00', null, '0');
insert into sys_dict (id, value, label, type, description, sort, parent_id, create_by, create_date, update_by, update_date, remarks, del_flag) values ('25', '1', '综合部', 'sys_office_common', '快捷通用部门', 30, '0', '1', '2013-05-27 08:00:00', '1', '2013-05-27 08:00:00', null, '0');
insert into sys_dict (id, value, label, type, description, sort, parent_id, create_by, create_date, update_by, update_date, remarks, del_flag) values ('26', '2', '开发部', 'sys_office_common', '快捷通用部门', 40, '0', '1', '2013-05-27 08:00:00', '1', '2013-05-27 08:00:00', null, '0');
insert into sys_dict (id, value, label, type, description, sort, parent_id, create_by, create_date, update_by, update_date, remarks, del_flag) values ('27', '3', '人力部', 'sys_office_common', '快捷通用部门', 50, '0', '1', '2013-05-27 08:00:00', '1', '2013-05-27 08:00:00', null, '0');
insert into sys_dict (id, value, label, type, description, sort, parent_id, create_by, create_date, update_by, update_date, remarks, del_flag) values ('28', '1', '一级', 'sys_office_grade', '机构等级', 10, '0', '1', '2013-05-27 08:00:00', '1', '2013-05-27 08:00:00', null, '0');
insert into sys_dict (id, value, label, type, description, sort, parent_id, create_by, create_date, update_by, update_date, remarks, del_flag) values ('29', '2', '二级', 'sys_office_grade', '机构等级', 20, '0', '1', '2013-05-27 08:00:00', '1', '2013-05-27 08:00:00', null, '0');
insert into sys_dict (id, value, label, type, description, sort, parent_id, create_by, create_date, update_by, update_date, remarks, del_flag) values ('3', '1', '显示', 'show_hide', '显示/隐藏', 10, '0', '1', '2013-05-27 08:00:00', '1', '2013-05-27 08:00:00', null, '0');
insert into sys_dict (id, value, label, type, description, sort, parent_id, create_by, create_date, update_by, update_date, remarks, del_flag) values ('30', '3', '三级', 'sys_office_grade', '机构等级', 30, '0', '1', '2013-05-27 08:00:00', '1', '2013-05-27 08:00:00', null, '0');
insert into sys_dict (id, value, label, type, description, sort, parent_id, create_by, create_date, update_by, update_date, remarks, del_flag) values ('31', '4', '四级', 'sys_office_grade', '机构等级', 40, '0', '1', '2013-05-27 08:00:00', '1', '2013-05-27 08:00:00', null, '0');
insert into sys_dict (id, value, label, type, description, sort, parent_id, create_by, create_date, update_by, update_date, remarks, del_flag) values ('3185175f9af44f50b2c29892eecb4c32', 'SMS', '短信', 'msg_type', '消息类型', 30, '0', '1', '2017-08-12 18:33:11', '1', '2017-08-12 18:33:11', '', '0');
insert into sys_dict (id, value, label, type, description, sort, parent_id, create_by, create_date, update_by, update_date, remarks, del_flag) values ('32', '1', '所有数据', 'sys_data_scope', '数据范围', 10, '0', '1', '2013-05-27 08:00:00', '1', '2013-05-27 08:00:00', null, '0');
insert into sys_dict (id, value, label, type, description, sort, parent_id, create_by, create_date, update_by, update_date, remarks, del_flag) values ('33', '2', '所在公司及以下数据', 'sys_data_scope', '数据范围', 20, '0', '1', '2013-05-27 08:00:00', '1', '2013-05-27 08:00:00', null, '0');
insert into sys_dict (id, value, label, type, description, sort, parent_id, create_by, create_date, update_by, update_date, remarks, del_flag) values ('34', '3', '所在公司数据', 'sys_data_scope', '数据范围', 30, '0', '1', '2013-05-27 08:00:00', '1', '2013-05-27 08:00:00', null, '0');
insert into sys_dict (id, value, label, type, description, sort, parent_id, create_by, create_date, update_by, update_date, remarks, del_flag) values ('35', '4', '所在部门及以下数据', 'sys_data_scope', '数据范围', 40, '0', '1', '2013-05-27 08:00:00', '1', '2013-05-27 08:00:00', null, '0');
insert into sys_dict (id, value, label, type, description, sort, parent_id, create_by, create_date, update_by, update_date, remarks, del_flag) values ('36', '5', '所在部门数据', 'sys_data_scope', '数据范围', 50, '0', '1', '2013-05-27 08:00:00', '1', '2013-05-27 08:00:00', null, '0');
insert into sys_dict (id, value, label, type, description, sort, parent_id, create_by, create_date, update_by, update_date, remarks, del_flag) values ('37', '8', '仅本人数据', 'sys_data_scope', '数据范围', 90, '0', '1', '2013-05-27 08:00:00', '1', '2013-05-27 08:00:00', null, '0');
insert into sys_dict (id, value, label, type, description, sort, parent_id, create_by, create_date, update_by, update_date, remarks, del_flag) values ('38', '9', '按明细设置', 'sys_data_scope', '数据范围', 100, '0', '1', '2013-05-27 08:00:00', '1', '2013-05-27 08:00:00', null, '0');
insert into sys_dict (id, value, label, type, description, sort, parent_id, create_by, create_date, update_by, update_date, remarks, del_flag) values ('39', '1', '系统管理', 'sys_user_type', '用户类型', 10, '0', '1', '2013-05-27 08:00:00', '1', '2013-05-27 08:00:00', null, '0');
insert into sys_dict (id, value, label, type, description, sort, parent_id, create_by, create_date, update_by, update_date, remarks, del_flag) values ('4', '0', '隐藏', 'show_hide', '显示/隐藏', 20, '0', '1', '2013-05-27 08:00:00', '1', '2013-05-27 08:00:00', null, '0');
insert into sys_dict (id, value, label, type, description, sort, parent_id, create_by, create_date, update_by, update_date, remarks, del_flag) values ('40', '2', '部门经理', 'sys_user_type', '用户类型', 20, '0', '1', '2013-05-27 08:00:00', '1', '2013-05-27 08:00:00', null, '0');
insert into sys_dict (id, value, label, type, description, sort, parent_id, create_by, create_date, update_by, update_date, remarks, del_flag) values ('41', '3', '普通用户', 'sys_user_type', '用户类型', 30, '0', '1', '2013-05-27 08:00:00', '1', '2013-05-27 08:00:00', null, '0');
insert into sys_dict (id, value, label, type, description, sort, parent_id, create_by, create_date, update_by, update_date, remarks, del_flag) values ('42', 'basic', '基础主题', 'cms_theme', '站点主题', 10, '0', '1', '2013-05-27 08:00:00', '1', '2013-05-27 08:00:00', null, '1');
insert into sys_dict (id, value, label, type, description, sort, parent_id, create_by, create_date, update_by, update_date, remarks, del_flag) values ('43', 'blue', '蓝色主题', 'cms_theme', '站点主题', 20, '0', '1', '2013-05-27 08:00:00', '1', '2013-05-27 08:00:00', null, '1');
insert into sys_dict (id, value, label, type, description, sort, parent_id, create_by, create_date, update_by, update_date, remarks, del_flag) values ('44', 'red', '红色主题', 'cms_theme', '站点主题', 30, '0', '1', '2013-05-27 08:00:00', '1', '2013-05-27 08:00:00', null, '1');
insert into sys_dict (id, value, label, type, description, sort, parent_id, create_by, create_date, update_by, update_date, remarks, del_flag) values ('45', 'article', '文章模型', 'cms_module', '栏目模型', 10, '0', '1', '2013-05-27 08:00:00', '1', '2013-05-27 08:00:00', null, '1');
insert into sys_dict (id, value, label, type, description, sort, parent_id, create_by, create_date, update_by, update_date, remarks, del_flag) values ('46', 'picture', '图片模型', 'cms_module', '栏目模型', 20, '0', '1', '2013-05-27 08:00:00', '1', '2013-05-27 08:00:00', null, '1');
insert into sys_dict (id, value, label, type, description, sort, parent_id, create_by, create_date, update_by, update_date, remarks, del_flag) values ('47', 'download', '下载模型', 'cms_module', '栏目模型', 30, '0', '1', '2013-05-27 08:00:00', '1', '2013-05-27 08:00:00', null, '1');
insert into sys_dict (id, value, label, type, description, sort, parent_id, create_by, create_date, update_by, update_date, remarks, del_flag) values ('48', 'link', '链接模型', 'cms_module', '栏目模型', 40, '0', '1', '2013-05-27 08:00:00', '1', '2013-05-27 08:00:00', null, '1');
insert into sys_dict (id, value, label, type, description, sort, parent_id, create_by, create_date, update_by, update_date, remarks, del_flag) values ('49', 'special', '专题模型', 'cms_module', '栏目模型', 50, '0', '1', '2013-05-27 08:00:00', '1', '2013-05-27 08:00:00', null, '1');
insert into sys_dict (id, value, label, type, description, sort, parent_id, create_by, create_date, update_by, update_date, remarks, del_flag) values ('5', '1', '是', 'yes_no', '是/否', 10, '0', '1', '2013-05-27 08:00:00', '1', '2013-05-27 08:00:00', null, '0');
insert into sys_dict (id, value, label, type, description, sort, parent_id, create_by, create_date, update_by, update_date, remarks, del_flag) values ('50', '0', '默认展现方式', 'cms_show_modes', '展现方式', 10, '0', '1', '2013-05-27 08:00:00', '1', '2013-05-27 08:00:00', null, '1');
insert into sys_dict (id, value, label, type, description, sort, parent_id, create_by, create_date, update_by, update_date, remarks, del_flag) values ('51', '1', '首栏目内容列表', 'cms_show_modes', '展现方式', 20, '0', '1', '2013-05-27 08:00:00', '1', '2013-05-27 08:00:00', null, '1');
insert into sys_dict (id, value, label, type, description, sort, parent_id, create_by, create_date, update_by, update_date, remarks, del_flag) values ('52', '2', '栏目第一条内容', 'cms_show_modes', '展现方式', 30, '0', '1', '2013-05-27 08:00:00', '1', '2013-05-27 08:00:00', null, '1');
insert into sys_dict (id, value, label, type, description, sort, parent_id, create_by, create_date, update_by, update_date, remarks, del_flag) values ('53', '0', '发布', 'cms_del_flag', '内容状态', 10, '0', '1', '2013-05-27 08:00:00', '1', '2013-05-27 08:00:00', null, '1');
insert into sys_dict (id, value, label, type, description, sort, parent_id, create_by, create_date, update_by, update_date, remarks, del_flag) values ('54', '1', '删除', 'cms_del_flag', '内容状态', 20, '0', '1', '2013-05-27 08:00:00', '1', '2013-05-27 08:00:00', null, '1');
insert into sys_dict (id, value, label, type, description, sort, parent_id, create_by, create_date, update_by, update_date, remarks, del_flag) values ('54e01e6409c045c08b67c526516c5bc9', '1', '发送中', 'send_status', '发送状态', 20, '0', '1', '2017-08-12 18:34:03', '1', '2017-08-12 20:04:23', '', '0');
insert into sys_dict (id, value, label, type, description, sort, parent_id, create_by, create_date, update_by, update_date, remarks, del_flag) values ('55', '2', '审核', 'cms_del_flag', '内容状态', 15, '0', '1', '2013-05-27 08:00:00', '1', '2013-05-27 08:00:00', null, '1');
insert into sys_dict (id, value, label, type, description, sort, parent_id, create_by, create_date, update_by, update_date, remarks, del_flag) values ('559e507d543d4f5abda8e8949d0080da', 'MSG', '消息', 'msg_type', '消息类型', 10, '0', '1', '2017-08-12 18:31:14', '1', '2017-08-12 18:31:14', '', '0');
insert into sys_dict (id, value, label, type, description, sort, parent_id, create_by, create_date, update_by, update_date, remarks, del_flag) values ('56', '1', '首页焦点图', 'cms_posid', '推荐位', 10, '0', '1', '2013-05-27 08:00:00', '1', '2013-05-27 08:00:00', null, '1');
insert into sys_dict (id, value, label, type, description, sort, parent_id, create_by, create_date, update_by, update_date, remarks, del_flag) values ('57', '2', '栏目页文章推荐', 'cms_posid', '推荐位', 20, '0', '1', '2013-05-27 08:00:00', '1', '2013-05-27 08:00:00', null, '1');
insert into sys_dict (id, value, label, type, description, sort, parent_id, create_by, create_date, update_by, update_date, remarks, del_flag) values ('58', '1', '咨询', 'cms_guestbook', '留言板分类', 10, '0', '1', '2013-05-27 08:00:00', '1', '2013-05-27 08:00:00', null, '1');
insert into sys_dict (id, value, label, type, description, sort, parent_id, create_by, create_date, update_by, update_date, remarks, del_flag) values ('59', '2', '建议', 'cms_guestbook', '留言板分类', 20, '0', '1', '2013-05-27 08:00:00', '1', '2013-05-27 08:00:00', null, '1');
insert into sys_dict (id, value, label, type, description, sort, parent_id, create_by, create_date, update_by, update_date, remarks, del_flag) values ('5b24aa3a1d614cf89cc1f9c9497f6428', '大亚湾核电站', '大亚湾核电站', '电站', '大亚湾核电站', 10, '0', '1', '2016-03-21 12:40:58', '1', '2016-03-21 12:40:58', '', '1');
insert into sys_dict (id, value, label, type, description, sort, parent_id, create_by, create_date, update_by, update_date, remarks, del_flag) values ('6', '0', '否', 'yes_no', '是/否', 20, '0', '1', '2013-05-27 08:00:00', '1', '2013-05-27 08:00:00', null, '0');
insert into sys_dict (id, value, label, type, description, sort, parent_id, create_by, create_date, update_by, update_date, remarks, del_flag) values ('60', '3', '投诉', 'cms_guestbook', '留言板分类', 30, '0', '1', '2013-05-27 08:00:00', '1', '2013-05-27 08:00:00', null, '1');
insert into sys_dict (id, value, label, type, description, sort, parent_id, create_by, create_date, update_by, update_date, remarks, del_flag) values ('61', '4', '其它', 'cms_guestbook', '留言板分类', 40, '0', '1', '2013-05-27 08:00:00', '1', '2013-05-27 08:00:00', null, '1');
insert into sys_dict (id, value, label, type, description, sort, parent_id, create_by, create_date, update_by, update_date, remarks, del_flag) values ('62', '1', '公休', 'oa_leave_type', '请假类型', 10, '0', '1', '2013-05-27 08:00:00', '1', '2013-05-27 08:00:00', null, '1');
insert into sys_dict (id, value, label, type, description, sort, parent_id, create_by, create_date, update_by, update_date, remarks, del_flag) values ('63', '2', '病假', 'oa_leave_type', '请假类型', 20, '0', '1', '2013-05-27 08:00:00', '1', '2013-05-27 08:00:00', null, '1');
insert into sys_dict (id, value, label, type, description, sort, parent_id, create_by, create_date, update_by, update_date, remarks, del_flag) values ('64', '3', '事假', 'oa_leave_type', '请假类型', 30, '0', '1', '2013-05-27 08:00:00', '1', '2013-05-27 08:00:00', null, '1');
insert into sys_dict (id, value, label, type, description, sort, parent_id, create_by, create_date, update_by, update_date, remarks, del_flag) values ('6491de0e7ecb4852b227b8f402ae94e9', '-1', '失败', 'send_result', '发送结果', 20, '0', '1', '2017-08-12 18:50:33', '1', '2017-08-12 18:50:33', '', '0');
insert into sys_dict (id, value, label, type, description, sort, parent_id, create_by, create_date, update_by, update_date, remarks, del_flag) values ('64e0e7c6a9064403a64cab6a480cbaf7', '1', '定时发送', 'task_type', '发送任务类型', 20, '0', '1', '2017-08-12 18:35:26', '1', '2017-08-12 18:35:26', '', '0');
insert into sys_dict (id, value, label, type, description, sort, parent_id, create_by, create_date, update_by, update_date, remarks, del_flag) values ('65', '4', '调休', 'oa_leave_type', '请假类型', 40, '0', '1', '2013-05-27 08:00:00', '1', '2013-05-27 08:00:00', null, '1');
insert into sys_dict (id, value, label, type, description, sort, parent_id, create_by, create_date, update_by, update_date, remarks, del_flag) values ('66', '5', '婚假', 'oa_leave_type', '请假类型', 60, '0', '1', '2013-05-27 08:00:00', '1', '2013-05-27 08:00:00', null, '1');
insert into sys_dict (id, value, label, type, description, sort, parent_id, create_by, create_date, update_by, update_date, remarks, del_flag) values ('67', '1', '接入日志', 'sys_log_type', '日志类型', 30, '0', '1', '2013-06-03 08:00:00', '1', '2013-06-03 08:00:00', null, '0');
insert into sys_dict (id, value, label, type, description, sort, parent_id, create_by, create_date, update_by, update_date, remarks, del_flag) values ('68', '2', '异常日志', 'sys_log_type', '日志类型', 40, '0', '1', '2013-06-03 08:00:00', '1', '2013-06-03 08:00:00', null, '0');
insert into sys_dict (id, value, label, type, description, sort, parent_id, create_by, create_date, update_by, update_date, remarks, del_flag) values ('69', 'leave', '请假流程', 'act_type', '流程类型', 10, '0', '1', '2013-06-03 08:00:00', '1', '2013-06-03 08:00:00', null, '1');
insert into sys_dict (id, value, label, type, description, sort, parent_id, create_by, create_date, update_by, update_date, remarks, del_flag) values ('7', 'red', '红色', 'color', '颜色值', 10, '0', '1', '2013-05-27 08:00:00', '1', '2013-05-27 08:00:00', null, '0');
insert into sys_dict (id, value, label, type, description, sort, parent_id, create_by, create_date, update_by, update_date, remarks, del_flag) values ('70', 'test_audit', '审批测试流程', 'act_type', '流程类型', 20, '0', '1', '2013-06-03 08:00:00', '1', '2013-06-03 08:00:00', null, '1');
insert into sys_dict (id, value, label, type, description, sort, parent_id, create_by, create_date, update_by, update_date, remarks, del_flag) values ('71', '1', '分类1', 'act_category', '流程分类', 10, '0', '1', '2013-06-03 08:00:00', '1', '2013-06-03 08:00:00', null, '1');
insert into sys_dict (id, value, label, type, description, sort, parent_id, create_by, create_date, update_by, update_date, remarks, del_flag) values ('72', '2', '分类2', 'act_category', '流程分类', 20, '0', '1', '2013-06-03 08:00:00', '1', '2013-06-03 08:00:00', null, '1');
insert into sys_dict (id, value, label, type, description, sort, parent_id, create_by, create_date, update_by, update_date, remarks, del_flag) values ('73', 'crud', '增删改查', 'gen_category', '代码生成分类', 10, '0', '1', '2013-10-28 08:00:00', '1', '2013-10-28 08:00:00', null, '1');
insert into sys_dict (id, value, label, type, description, sort, parent_id, create_by, create_date, update_by, update_date, remarks, del_flag) values ('74', 'crud_many', '增删改查（包含从表）', 'gen_category', '代码生成分类', 20, '0', '1', '2013-10-28 08:00:00', '1', '2013-10-28 08:00:00', null, '1');
insert into sys_dict (id, value, label, type, description, sort, parent_id, create_by, create_date, update_by, update_date, remarks, del_flag) values ('75', 'tree', '树结构', 'gen_category', '代码生成分类', 30, '0', '1', '2013-10-28 08:00:00', '1', '2013-10-28 08:00:00', null, '1');
insert into sys_dict (id, value, label, type, description, sort, parent_id, create_by, create_date, update_by, update_date, remarks, del_flag) values ('76', '=', '=', 'gen_query_type', '查询方式', 10, '0', '1', '2013-10-28 08:00:00', '1', '2013-10-28 08:00:00', null, '1');
insert into sys_dict (id, value, label, type, description, sort, parent_id, create_by, create_date, update_by, update_date, remarks, del_flag) values ('77', '!=', '!=', 'gen_query_type', '查询方式', 20, '0', '1', '2013-10-28 08:00:00', '1', '2013-10-28 08:00:00', null, '1');
insert into sys_dict (id, value, label, type, description, sort, parent_id, create_by, create_date, update_by, update_date, remarks, del_flag) values ('78', '&gt;', '&gt;', 'gen_query_type', '查询方式', 30, '0', '1', '2013-10-28 08:00:00', '1', '2013-10-28 08:00:00', null, '1');
insert into sys_dict (id, value, label, type, description, sort, parent_id, create_by, create_date, update_by, update_date, remarks, del_flag) values ('79', '&lt;', '&lt;', 'gen_query_type', '查询方式', 40, '0', '1', '2013-10-28 08:00:00', '1', '2013-10-28 08:00:00', null, '1');
insert into sys_dict (id, value, label, type, description, sort, parent_id, create_by, create_date, update_by, update_date, remarks, del_flag) values ('8', 'green', '绿色', 'color', '颜色值', 20, '0', '1', '2013-05-27 08:00:00', '1', '2013-05-27 08:00:00', null, '0');
insert into sys_dict (id, value, label, type, description, sort, parent_id, create_by, create_date, update_by, update_date, remarks, del_flag) values ('80', 'between', 'Between', 'gen_query_type', '查询方式', 50, '0', '1', '2013-10-28 08:00:00', '1', '2013-10-28 08:00:00', null, '1');
insert into sys_dict (id, value, label, type, description, sort, parent_id, create_by, create_date, update_by, update_date, remarks, del_flag) values ('81', 'like', 'Like', 'gen_query_type', '查询方式', 60, '0', '1', '2013-10-28 08:00:00', '1', '2013-10-28 08:00:00', null, '1');
insert into sys_dict (id, value, label, type, description, sort, parent_id, create_by, create_date, update_by, update_date, remarks, del_flag) values ('82', 'left_like', 'Left Like', 'gen_query_type', '查询方式', 70, '0', '1', '2013-10-28 08:00:00', '1', '2013-10-28 08:00:00', null, '1');
insert into sys_dict (id, value, label, type, description, sort, parent_id, create_by, create_date, update_by, update_date, remarks, del_flag) values ('83', 'right_like', 'Right Like', 'gen_query_type', '查询方式', 80, '0', '1', '2013-10-28 08:00:00', '1', '2013-10-28 08:00:00', null, '1');
insert into sys_dict (id, value, label, type, description, sort, parent_id, create_by, create_date, update_by, update_date, remarks, del_flag) values ('84', 'input', '文本框', 'gen_show_type', '字段生成方案', 10, '0', '1', '2013-10-28 08:00:00', '1', '2013-10-28 08:00:00', null, '1');
insert into sys_dict (id, value, label, type, description, sort, parent_id, create_by, create_date, update_by, update_date, remarks, del_flag) values ('85', 'textarea', '文本域', 'gen_show_type', '字段生成方案', 20, '0', '1', '2013-10-28 08:00:00', '1', '2013-10-28 08:00:00', null, '1');
insert into sys_dict (id, value, label, type, description, sort, parent_id, create_by, create_date, update_by, update_date, remarks, del_flag) values ('86', 'select', '下拉框', 'gen_show_type', '字段生成方案', 30, '0', '1', '2013-10-28 08:00:00', '1', '2013-10-28 08:00:00', null, '1');
insert into sys_dict (id, value, label, type, description, sort, parent_id, create_by, create_date, update_by, update_date, remarks, del_flag) values ('87', 'checkbox', '复选框', 'gen_show_type', '字段生成方案', 40, '0', '1', '2013-10-28 08:00:00', '1', '2013-10-28 08:00:00', null, '1');
insert into sys_dict (id, value, label, type, description, sort, parent_id, create_by, create_date, update_by, update_date, remarks, del_flag) values ('88', 'radiobox', '单选框', 'gen_show_type', '字段生成方案', 50, '0', '1', '2013-10-28 08:00:00', '1', '2013-10-28 08:00:00', null, '1');
insert into sys_dict (id, value, label, type, description, sort, parent_id, create_by, create_date, update_by, update_date, remarks, del_flag) values ('89', 'dateselect', '日期选择', 'gen_show_type', '字段生成方案', 60, '0', '1', '2013-10-28 08:00:00', '1', '2013-10-28 08:00:00', null, '1');
insert into sys_dict (id, value, label, type, description, sort, parent_id, create_by, create_date, update_by, update_date, remarks, del_flag) values ('9', 'blue', '蓝色', 'color', '颜色值', 30, '0', '1', '2013-05-27 08:00:00', '1', '2013-05-27 08:00:00', null, '0');
insert into sys_dict (id, value, label, type, description, sort, parent_id, create_by, create_date, update_by, update_date, remarks, del_flag) values ('90', 'userselect', '人员选择 ', 'gen_show_type', '字段生成方案', 70, '0', '1', '2013-10-28 08:00:00', '1', '2013-10-28 08:00:00', null, '1');
insert into sys_dict (id, value, label, type, description, sort, parent_id, create_by, create_date, update_by, update_date, remarks, del_flag) values ('91', 'officeselect', '部门选择', 'gen_show_type', '字段生成方案', 80, '0', '1', '2013-10-28 08:00:00', '1', '2013-10-28 08:00:00', null, '1');
insert into sys_dict (id, value, label, type, description, sort, parent_id, create_by, create_date, update_by, update_date, remarks, del_flag) values ('92', 'areaselect', '区域选择', 'gen_show_type', '字段生成方案', 90, '0', '1', '2013-10-28 08:00:00', '1', '2013-10-28 08:00:00', null, '1');
insert into sys_dict (id, value, label, type, description, sort, parent_id, create_by, create_date, update_by, update_date, remarks, del_flag) values ('93', 'String', 'String', 'gen_java_type', 'Java类型', 10, '0', '1', '2013-10-28 08:00:00', '1', '2013-10-28 08:00:00', null, '1');
insert into sys_dict (id, value, label, type, description, sort, parent_id, create_by, create_date, update_by, update_date, remarks, del_flag) values ('94', 'Long', 'Long', 'gen_java_type', 'Java类型', 20, '0', '1', '2013-10-28 08:00:00', '1', '2013-10-28 08:00:00', null, '1');
insert into sys_dict (id, value, label, type, description, sort, parent_id, create_by, create_date, update_by, update_date, remarks, del_flag) values ('95', 'dao', '仅持久层', 'gen_category', '代码生成分类      ', 40, '0', '1', '2013-10-28 08:00:00', '1', '2013-10-28 08:00:00', null, '1');
insert into sys_dict (id, value, label, type, description, sort, parent_id, create_by, create_date, update_by, update_date, remarks, del_flag) values ('96', '1', '男', 'sex', '性别', 10, '0', '1', '2013-10-28 08:00:00', '1', '2013-10-28 08:00:00', null, '0');
insert into sys_dict (id, value, label, type, description, sort, parent_id, create_by, create_date, update_by, update_date, remarks, del_flag) values ('97', '2', '女', 'sex', '性别', 20, '0', '1', '2013-10-28 08:00:00', '1', '2013-10-28 08:00:00', null, '0');
insert into sys_dict (id, value, label, type, description, sort, parent_id, create_by, create_date, update_by, update_date, remarks, del_flag) values ('98', 'Integer', 'Integer', 'gen_java_type', 'Java类型  ', 30, '0', '1', '2013-10-28 08:00:00', '1', '2013-10-28 08:00:00', null, '1');
insert into sys_dict (id, value, label, type, description, sort, parent_id, create_by, create_date, update_by, update_date, remarks, del_flag) values ('99', 'Double', 'Double', 'gen_java_type', 'Java类型  ', 40, '0', '1', '2013-10-28 08:00:00', '1', '2013-10-28 08:00:00', null, '1');
insert into sys_dict (id, value, label, type, description, sort, parent_id, create_by, create_date, update_by, update_date, remarks, del_flag) values ('9a71d862fca64ad4be696b194bfe5238', '0', '实时发送', 'task_type', '发送任务类型', 10, '0', '1', '2017-08-12 18:35:16', '1', '2017-08-12 18:35:16', '', '0');
insert into sys_dict (id, value, label, type, description, sort, parent_id, create_by, create_date, update_by, update_date, remarks, del_flag) values ('a9a84d08b58e4626a6cec0a3acfdc020', '其他', '其他', '机组号', '其他', 20, '0', '1', '2016-03-21 12:41:50', '1', '2016-03-21 12:41:50', '', '1');
insert into sys_dict (id, value, label, type, description, sort, parent_id, create_by, create_date, update_by, update_date, remarks, del_flag) values ('ae738bb1e22141cab25f21b23ece3c31', '3', '审核失败', 'template_audit_status', '消息模板状态', 40, '0', '1', '2017-08-12 17:15:02', '1', '2017-08-12 17:15:02', '', '0');
insert into sys_dict (id, value, label, type, description, sort, parent_id, create_by, create_date, update_by, update_date, remarks, del_flag) values ('c423e8f7354d4c969c76d66dfc3bdd5a', '0', '成功', 'send_result', '发送结果', 10, '0', '1', '2017-08-12 18:50:15', '1', '2017-08-12 18:50:15', '', '0');
insert into sys_dict (id, value, label, type, description, sort, parent_id, create_by, create_date, update_by, update_date, remarks, del_flag) values ('d2c55ad9158147b5bf82c6f6f974eedd', 'EMAIL', '邮件', 'msg_type', '消息类型', 20, '0', '1', '2017-08-12 18:32:41', '1', '2017-08-12 18:32:41', '', '0');
insert into sys_dict (id, value, label, type, description, sort, parent_id, create_by, create_date, update_by, update_date, remarks, del_flag) values ('e3c2c5c792764c5891714b881137e833', '2', '已发送', 'send_status', '发送状态', 30, '0', '1', '2017-08-12 18:34:38', '1', '2017-08-12 20:04:54', '', '0');
insert into sys_dict (id, value, label, type, description, sort, parent_id, create_by, create_date, update_by, update_date, remarks, del_flag) values ('fe9faed6f7a344149569d0d19e19fa74', '0', '待审核', 'template_audit_status', '消息模板状态', 10, '0', '1', '2017-08-12 17:14:19', '1', '2017-08-12 17:14:19', '', '0');
DROP TABLE sys_log;
CREATE TABLE sys_log ( id varchar(64) NOT NULL COMMENT '编号', type char(1) DEFAULT '1' COMMENT '日志类型', title varchar(255) COMMENT '日志标题', create_by varchar(64) COMMENT '创建者', create_date datetime COMMENT '创建时间', remote_addr varchar(255) COMMENT '操作IP地址', user_agent varchar(255) COMMENT '用户代理', request_uri varchar(255) COMMENT '请求URI', method varchar(5) COMMENT '操作方式', params text COMMENT '操作提交的数据', exception text COMMENT '异常信息', PRIMARY KEY (id) ) ENGINE=InnoDB DEFAULT CHARSET=utf8 COMMENT='日志表';
DROP TABLE sys_mdict;
CREATE TABLE sys_mdict ( id varchar(64) NOT NULL COMMENT '编号', parent_id varchar(64) NOT NULL COMMENT '父级编号', parent_ids varchar(2000) NOT NULL COMMENT '所有父级编号', name varchar(100) NOT NULL COMMENT '名称', sort decimal NOT NULL COMMENT '排序', description varchar(100) COMMENT '描述', create_by varchar(64) NOT NULL COMMENT '创建者', create_date datetime NOT NULL COMMENT '创建时间', update_by varchar(64) NOT NULL COMMENT '更新者', update_date datetime NOT NULL COMMENT '更新时间', remarks varchar(255) COMMENT '备注信息', del_flag char(1) DEFAULT '0' NOT NULL COMMENT '删除标记', PRIMARY KEY (id) ) ENGINE=InnoDB DEFAULT CHARSET=utf8 COMMENT='多级字典表';
DROP TABLE sys_menu;
CREATE TABLE sys_menu ( id varchar(64) NOT NULL COMMENT '编号', parent_id varchar(64) NOT NULL COMMENT '父级编号', parent_ids varchar(2000) NOT NULL COMMENT '所有父级编号', name varchar(100) NOT NULL COMMENT '名称', sort decimal NOT NULL COMMENT '排序', href varchar(2000) COMMENT '链接', target varchar(20) COMMENT '目标', icon varchar(100) COMMENT '图标', is_show char(1) NOT NULL COMMENT '是否在菜单中显示', permission varchar(200) COMMENT '权限标识', create_by varchar(64) NOT NULL COMMENT '创建者', create_date datetime NOT NULL COMMENT '创建时间', update_by varchar(64) NOT NULL COMMENT '更新者', update_date datetime NOT NULL COMMENT '更新时间', remarks varchar(255) COMMENT '备注信息', del_flag char(1) DEFAULT '0' NOT NULL COMMENT '删除标记', PRIMARY KEY (id) ) ENGINE=InnoDB DEFAULT CHARSET=utf8 COMMENT='菜单表';
insert into sys_menu (id, parent_id, parent_ids, name, sort, href, target, icon, is_show, permission, create_by, create_date, update_by, update_date, remarks, del_flag) values ('0350bce1a1de45c1a68712ae4ffd9421', '50394ffd6fad436fb2ac4f34e83cfa4d', '0,1,62,d1c20a5c4ec74f4d99708d50a333d1b3,50394ffd6fad436fb2ac4f34e83cfa4d,', '查看', 30, '', '', '', '0', 'pic:rmsPic:view', '1', '2015-12-20 13:28:48', '1', '2015-12-20 13:28:48', '', '1');
insert into sys_menu (id, parent_id, parent_ids, name, sort, href, target, icon, is_show, permission, create_by, create_date, update_by, update_date, remarks, del_flag) values ('0b2ebd4d639e4c2b83c2dd0764522f24', 'ba8092291b40482db8fe7fc006ea3d76', '0,1,79,3c92c17886944d0687e73e286cada573,ba8092291b40482db8fe7fc006ea3d76,', '编辑', 60, '', '', '', '0', 'test:testData:edit', '1', '2013-08-12 13:10:05', '1', '2013-08-12 13:10:05', '', '0');
insert into sys_menu (id, parent_id, parent_ids, name, sort, href, target, icon, is_show, permission, create_by, create_date, update_by, update_date, remarks, del_flag) values ('0c32e5992e9742019660a3680e6438a7', '28188c5e6a88404c8de35dcf66d226b4', '0,1,27,d9d6eac422704505b85535f067e122b8,28188c5e6a88404c8de35dcf66d226b4,', '查看', 30, '', '', '', '0', 'task:conveyorMsgTask:view', '1', '2017-08-12 19:11:55', '1', '2017-08-12 19:11:55', '', '0');
insert into sys_menu (id, parent_id, parent_ids, name, sort, href, target, icon, is_show, permission, create_by, create_date, update_by, update_date, remarks, del_flag) values ('0ca004d6b1bf4bcab9670a5060d82a55', '3c92c17886944d0687e73e286cada573', '0,1,79,3c92c17886944d0687e73e286cada573,', '树结构', 90, '/test/testTree', '', '', '1', '', '1', '2013-08-12 13:10:05', '1', '2013-08-12 13:10:05', '', '0');
insert into sys_menu (id, parent_id, parent_ids, name, sort, href, target, icon, is_show, permission, create_by, create_date, update_by, update_date, remarks, del_flag) values ('1', '0', '0,', '功能菜单', 0, null, null, null, '1', null, '1', '2013-05-27 08:00:00', '1', '2013-05-27 08:00:00', null, '0');
insert into sys_menu (id, parent_id, parent_ids, name, sort, href, target, icon, is_show, permission, create_by, create_date, update_by, update_date, remarks, del_flag) values ('10', '3', '0,1,2,3,', '字典管理', 60, '/sys/dict/', null, 'icon-th-list', '1', null, '1', '2013-05-27 08:00:00', '1', '2013-05-27 08:00:00', null, '0');
insert into sys_menu (id, parent_id, parent_ids, name, sort, href, target, icon, is_show, permission, create_by, create_date, update_by, update_date, remarks, del_flag) values ('11', '10', '0,1,2,3,10,', '查看', 30, null, null, null, '0', 'sys:dict:view', '1', '2013-05-27 08:00:00', '1', '2013-05-27 08:00:00', null, '0');
insert into sys_menu (id, parent_id, parent_ids, name, sort, href, target, icon, is_show, permission, create_by, create_date, update_by, update_date, remarks, del_flag) values ('12', '10', '0,1,2,3,10,', '修改', 40, null, null, null, '0', 'sys:dict:edit', '1', '2013-05-27 08:00:00', '1', '2013-05-27 08:00:00', null, '0');
insert into sys_menu (id, parent_id, parent_ids, name, sort, href, target, icon, is_show, permission, create_by, create_date, update_by, update_date, remarks, del_flag) values ('13', '2', '0,1,2,', '机构用户', 970, null, null, null, '1', null, '1', '2013-05-27 08:00:00', '1', '2013-05-27 08:00:00', null, '0');
insert into sys_menu (id, parent_id, parent_ids, name, sort, href, target, icon, is_show, permission, create_by, create_date, update_by, update_date, remarks, del_flag) values ('14', '13', '0,1,2,13,', '区域管理', 50, '/sys/area/', '', 'icon-th', '1', '', '1', '2013-05-27 08:00:00', '1', '2017-08-12 16:43:00', '', '0');
insert into sys_menu (id, parent_id, parent_ids, name, sort, href, target, icon, is_show, permission, create_by, create_date, update_by, update_date, remarks, del_flag) values ('15', '14', '0,1,2,13,14,', '查看', 30, null, null, null, '0', 'sys:area:view', '1', '2013-05-27 08:00:00', '1', '2013-05-27 08:00:00', null, '0');
insert into sys_menu (id, parent_id, parent_ids, name, sort, href, target, icon, is_show, permission, create_by, create_date, update_by, update_date, remarks, del_flag) values ('16', '14', '0,1,2,13,14,', '修改', 40, null, null, null, '0', 'sys:area:edit', '1', '2013-05-27 08:00:00', '1', '2013-05-27 08:00:00', null, '0');
insert into sys_menu (id, parent_id, parent_ids, name, sort, href, target, icon, is_show, permission, create_by, create_date, update_by, update_date, remarks, del_flag) values ('17', '13', '0,1,2,13,', '机构管理', 40, '/sys/office/', '', 'icon-th-large', '1', '', '1', '2013-05-27 08:00:00', '1', '2017-08-12 16:41:43', '', '0');
insert into sys_menu (id, parent_id, parent_ids, name, sort, href, target, icon, is_show, permission, create_by, create_date, update_by, update_date, remarks, del_flag) values ('18', '17', '0,1,2,13,17,', '查看', 30, null, null, null, '0', 'sys:office:view', '1', '2013-05-27 08:00:00', '1', '2013-05-27 08:00:00', null, '0');
insert into sys_menu (id, parent_id, parent_ids, name, sort, href, target, icon, is_show, permission, create_by, create_date, update_by, update_date, remarks, del_flag) values ('19', '17', '0,1,2,13,17,', '修改', 40, null, null, null, '0', 'sys:office:edit', '1', '2013-05-27 08:00:00', '1', '2013-05-27 08:00:00', null, '0');
insert into sys_menu (id, parent_id, parent_ids, name, sort, href, target, icon, is_show, permission, create_by, create_date, update_by, update_date, remarks, del_flag) values ('1abb1b1f174e40649403be881d04004b', 'd1c20a5c4ec74f4d99708d50a333d1b3', '0,1,62,d1c20a5c4ec74f4d99708d50a333d1b3,', '文档管理', 30, '/word/rmsWord', '', 'icon-file-alt', '1', '', '1', '2015-12-17 16:16:24', '1', '2015-12-26 18:08:13', '', '1');
insert into sys_menu (id, parent_id, parent_ids, name, sort, href, target, icon, is_show, permission, create_by, create_date, update_by, update_date, remarks, del_flag) values ('2', '1', '0,1,', '系统设置', 900, null, null, null, '1', null, '1', '2013-05-27 08:00:00', '1', '2013-05-27 08:00:00', null, '0');
insert into sys_menu (id, parent_id, parent_ids, name, sort, href, target, icon, is_show, permission, create_by, create_date, update_by, update_date, remarks, del_flag) values ('20', '13', '0,1,2,13,', '用户管理', 30, '/sys/user/index', '', 'icon-user', '1', '', '1', '2013-05-27 08:00:00', '1', '2017-08-12 16:41:29', '', '0');
insert into sys_menu (id, parent_id, parent_ids, name, sort, href, target, icon, is_show, permission, create_by, create_date, update_by, update_date, remarks, del_flag) values ('21', '20', '0,1,2,13,20,', '查看', 30, null, null, null, '0', 'sys:user:view', '1', '2013-05-27 08:00:00', '1', '2013-05-27 08:00:00', null, '0');
insert into sys_menu (id, parent_id, parent_ids, name, sort, href, target, icon, is_show, permission, create_by, create_date, update_by, update_date, remarks, del_flag) values ('22', '20', '0,1,2,13,20,', '修改', 40, null, null, null, '0', 'sys:user:edit', '1', '2013-05-27 08:00:00', '1', '2013-05-27 08:00:00', null, '0');
insert into sys_menu (id, parent_id, parent_ids, name, sort, href, target, icon, is_show, permission, create_by, create_date, update_by, update_date, remarks, del_flag) values ('23', '2', '0,1,2,', '关于帮助', 990, null, null, null, '0', null, '1', '2013-05-27 08:00:00', '1', '2013-05-27 08:00:00', null, '1');
insert into sys_menu (id, parent_id, parent_ids, name, sort, href, target, icon, is_show, permission, create_by, create_date, update_by, update_date, remarks, del_flag) values ('24', '23', '0,1,2,23', '官方首页', 30, 'http://jeesite.com', '_blank', null, '0', null, '1', '2013-05-27 08:00:00', '1', '2013-05-27 08:00:00', null, '0');
insert into sys_menu (id, parent_id, parent_ids, name, sort, href, target, icon, is_show, permission, create_by, create_date, update_by, update_date, remarks, del_flag) values ('249688b3ef434a6c8c78229fd6daf8a0', '55090c1d1f734081ba5f28cee5e9bc45', '0,1,54657a09b4d24332b8adfcd9cb8c6ef7,55090c1d1f734081ba5f28cee5e9bc45,', '查看', 30, '', '', '', '0', 'word:rmsWord:view', '1', '2015-12-17 16:04:55', '1', '2015-12-17 16:04:55', '', '1');
insert into sys_menu (id, parent_id, parent_ids, name, sort, href, target, icon, is_show, permission, create_by, create_date, update_by, update_date, remarks, del_flag) values ('25', '23', '0,1,2,23', '项目支持', 50, 'http://jeesite.com/donation.html', '_blank', null, '0', null, '1', '2013-05-27 08:00:00', '1', '2013-05-27 08:00:00', null, '1');
insert into sys_menu (id, parent_id, parent_ids, name, sort, href, target, icon, is_show, permission, create_by, create_date, update_by, update_date, remarks, del_flag) values ('26', '23', '0,1,2,23', '论坛交流', 80, 'http://bbs.jeesite.com', '_blank', null, '0', null, '1', '2013-05-27 08:00:00', '1', '2013-05-27 08:00:00', null, '1');
insert into sys_menu (id, parent_id, parent_ids, name, sort, href, target, icon, is_show, permission, create_by, create_date, update_by, update_date, remarks, del_flag) values ('26ca77f81c9c4460be509a066d32adb7', '28188c5e6a88404c8de35dcf66d226b4', '0,1,27,d9d6eac422704505b85535f067e122b8,28188c5e6a88404c8de35dcf66d226b4,', '编辑', 60, '', '', '', '0', 'task:conveyorMsgTask:edit', '1', '2017-08-12 19:12:12', '1', '2017-08-12 19:12:12', '', '0');
insert into sys_menu (id, parent_id, parent_ids, name, sort, href, target, icon, is_show, permission, create_by, create_date, update_by, update_date, remarks, del_flag) values ('27', '1', '0,1,', '个人中心', 100, '', '', '', '1', '', '1', '2013-05-27 08:00:00', '1', '2017-08-12 17:30:53', '', '0');
insert into sys_menu (id, parent_id, parent_ids, name, sort, href, target, icon, is_show, permission, create_by, create_date, update_by, update_date, remarks, del_flag) values ('28', '27', '0,1,27,', '个人信息', 30, null, null, null, '1', null, '1', '2013-05-27 08:00:00', '1', '2013-05-27 08:00:00', null, '0');
insert into sys_menu (id, parent_id, parent_ids, name, sort, href, target, icon, is_show, permission, create_by, create_date, update_by, update_date, remarks, del_flag) values ('28188c5e6a88404c8de35dcf66d226b4', 'd9d6eac422704505b85535f067e122b8', '0,1,27,d9d6eac422704505b85535f067e122b8,', '发送任务', 30, '/task/conveyorMsgTask', '', 'icon-tasks', '1', '', '1', '2017-08-12 19:11:26', '1', '2017-08-12 19:11:26', '', '0');
insert into sys_menu (id, parent_id, parent_ids, name, sort, href, target, icon, is_show, permission, create_by, create_date, update_by, update_date, remarks, del_flag) values ('29', '28', '0,1,27,28,', '个人信息', 30, '/sys/user/info', null, 'icon-user', '1', null, '1', '2013-05-27 08:00:00', '1', '2013-05-27 08:00:00', null, '0');
insert into sys_menu (id, parent_id, parent_ids, name, sort, href, target, icon, is_show, permission, create_by, create_date, update_by, update_date, remarks, del_flag) values ('3', '2', '0,1,2,', '系统设置', 980, null, null, null, '1', null, '1', '2013-05-27 08:00:00', '1', '2013-05-27 08:00:00', null, '0');
insert into sys_menu (id, parent_id, parent_ids, name, sort, href, target, icon, is_show, permission, create_by, create_date, update_by, update_date, remarks, del_flag) values ('30', '28', '0,1,27,28,', '修改密码', 40, '/sys/user/modifyPwd', null, 'icon-lock', '1', null, '1', '2013-05-27 08:00:00', '1', '2013-05-27 08:00:00', null, '0');
insert into sys_menu (id, parent_id, parent_ids, name, sort, href, target, icon, is_show, permission, create_by, create_date, update_by, update_date, remarks, del_flag) values ('31', '1', '0,1,', '内容管理', 500, null, null, null, '1', null, '1', '2013-05-27 08:00:00', '1', '2013-05-27 08:00:00', null, '1');
insert into sys_menu (id, parent_id, parent_ids, name, sort, href, target, icon, is_show, permission, create_by, create_date, update_by, update_date, remarks, del_flag) values ('32', '31', '0,1,31,', '栏目设置', 990, null, null, null, '1', null, '1', '2013-05-27 08:00:00', '1', '2013-05-27 08:00:00', null, '1');
insert into sys_menu (id, parent_id, parent_ids, name, sort, href, target, icon, is_show, permission, create_by, create_date, update_by, update_date, remarks, del_flag) values ('33', '32', '0,1,31,32', '栏目管理', 30, '/cms/category/', null, 'icon-align-justify', '1', null, '1', '2013-05-27 08:00:00', '1', '2013-05-27 08:00:00', null, '1');
insert into sys_menu (id, parent_id, parent_ids, name, sort, href, target, icon, is_show, permission, create_by, create_date, update_by, update_date, remarks, del_flag) values ('34', '33', '0,1,31,32,33,', '查看', 30, null, null, null, '0', 'cms:category:view', '1', '2013-05-27 08:00:00', '1', '2013-05-27 08:00:00', null, '1');
insert into sys_menu (id, parent_id, parent_ids, name, sort, href, target, icon, is_show, permission, create_by, create_date, update_by, update_date, remarks, del_flag) values ('35', '33', '0,1,31,32,33,', '修改', 40, null, null, null, '0', 'cms:category:edit', '1', '2013-05-27 08:00:00', '1', '2013-05-27 08:00:00', null, '1');
insert into sys_menu (id, parent_id, parent_ids, name, sort, href, target, icon, is_show, permission, create_by, create_date, update_by, update_date, remarks, del_flag) values ('36', '32', '0,1,31,32', '站点设置', 40, '/cms/site/', null, 'icon-certificate', '1', null, '1', '2013-05-27 08:00:00', '1', '2013-05-27 08:00:00', null, '1');
insert into sys_menu (id, parent_id, parent_ids, name, sort, href, target, icon, is_show, permission, create_by, create_date, update_by, update_date, remarks, del_flag) values ('37', '36', '0,1,31,32,36,', '查看', 30, null, null, null, '0', 'cms:site:view', '1', '2013-05-27 08:00:00', '1', '2013-05-27 08:00:00', null, '1');
insert into sys_menu (id, parent_id, parent_ids, name, sort, href, target, icon, is_show, permission, create_by, create_date, update_by, update_date, remarks, del_flag) values ('38', '36', '0,1,31,32,36,', '修改', 40, null, null, null, '0', 'cms:site:edit', '1', '2013-05-27 08:00:00', '1', '2013-05-27 08:00:00', null, '1');
insert into sys_menu (id, parent_id, parent_ids, name, sort, href, target, icon, is_show, permission, create_by, create_date, update_by, update_date, remarks, del_flag) values ('39', '32', '0,1,31,32', '切换站点', 50, '/cms/site/select', null, 'icon-retweet', '1', 'cms:site:select', '1', '2013-05-27 08:00:00', '1', '2013-05-27 08:00:00', null, '1');
insert into sys_menu (id, parent_id, parent_ids, name, sort, href, target, icon, is_show, permission, create_by, create_date, update_by, update_date, remarks, del_flag) values ('3bf3f85874064493adfe58d56c1f06c7', '5d8ec59b73804a8da201729e617e94af', '0,1,27,5d8ec59b73804a8da201729e617e94af,', '消息记录', 60, '/recored/conveyorMsgRecord', '', 'icon-envelope-alt', '1', '', '1', '2017-08-12 20:30:11', '1', '2017-08-12 20:30:11', '', '0');
insert into sys_menu (id, parent_id, parent_ids, name, sort, href, target, icon, is_show, permission, create_by, create_date, update_by, update_date, remarks, del_flag) values ('3c2846d692234eada61e5c2cf680e197', '1abb1b1f174e40649403be881d04004b', '0,1,62,d1c20a5c4ec74f4d99708d50a333d1b3,1abb1b1f174e40649403be881d04004b,', '查看', 30, '', '', '', '0', 'word:rmsWord:view', '1', '2015-12-17 16:17:07', '1', '2015-12-17 16:17:07', '', '1');
insert into sys_menu (id, parent_id, parent_ids, name, sort, href, target, icon, is_show, permission, create_by, create_date, update_by, update_date, remarks, del_flag) values ('3c92c17886944d0687e73e286cada573', '79', '0,1,79,', '生成示例', 120, '', '', '', '0', '', '1', '2013-08-12 13:10:05', '1', '2017-08-12 16:43:16', '', '0');
insert into sys_menu (id, parent_id, parent_ids, name, sort, href, target, icon, is_show, permission, create_by, create_date, update_by, update_date, remarks, del_flag) values ('3dbaa7a2cffe43c8bb4aa864650b951f', '71251ead4d6640ed870ba6cadf105b5c', '0,1,27,5d8ec59b73804a8da201729e617e94af,71251ead4d6640ed870ba6cadf105b5c,', '查看', 30, '', '', '', '0', 'template:conveyorMsgTemplate:view', '1', '2017-08-12 17:35:28', '1', '2017-08-12 17:35:28', '', '0');
insert into sys_menu (id, parent_id, parent_ids, name, sort, href, target, icon, is_show, permission, create_by, create_date, update_by, update_date, remarks, del_flag) values ('4', '3', '0,1,2,3,', '菜单管理', 30, '/sys/menu/', null, 'icon-list-alt', '1', null, '1', '2013-05-27 08:00:00', '1', '2013-05-27 08:00:00', null, '0');
insert into sys_menu (id, parent_id, parent_ids, name, sort, href, target, icon, is_show, permission, create_by, create_date, update_by, update_date, remarks, del_flag) values ('40', '31', '0,1,31,', '内容管理', 500, null, null, null, '1', 'cms:view', '1', '2013-05-27 08:00:00', '1', '2013-05-27 08:00:00', null, '1');
insert into sys_menu (id, parent_id, parent_ids, name, sort, href, target, icon, is_show, permission, create_by, create_date, update_by, update_date, remarks, del_flag) values ('41', '40', '0,1,31,40,', '内容发布', 30, '/cms/', null, 'icon-briefcase', '1', null, '1', '2013-05-27 08:00:00', '1', '2013-05-27 08:00:00', null, '1');
insert into sys_menu (id, parent_id, parent_ids, name, sort, href, target, icon, is_show, permission, create_by, create_date, update_by, update_date, remarks, del_flag) values ('42', '41', '0,1,31,40,41,', '文章模型', 40, '/cms/article/', null, 'icon-file', '0', null, '1', '2013-05-27 08:00:00', '1', '2013-05-27 08:00:00', null, '1');
insert into sys_menu (id, parent_id, parent_ids, name, sort, href, target, icon, is_show, permission, create_by, create_date, update_by, update_date, remarks, del_flag) values ('43', '42', '0,1,31,40,41,42,', '查看', 30, null, null, null, '0', 'cms:article:view', '1', '2013-05-27 08:00:00', '1', '2013-05-27 08:00:00', null, '1');
insert into sys_menu (id, parent_id, parent_ids, name, sort, href, target, icon, is_show, permission, create_by, create_date, update_by, update_date, remarks, del_flag) values ('44', '42', '0,1,31,40,41,42,', '修改', 40, null, null, null, '0', 'cms:article:edit', '1', '2013-05-27 08:00:00', '1', '2013-05-27 08:00:00', null, '1');
insert into sys_menu (id, parent_id, parent_ids, name, sort, href, target, icon, is_show, permission, create_by, create_date, update_by, update_date, remarks, del_flag) values ('45', '42', '0,1,31,40,41,42,', '审核', 50, null, null, null, '0', 'cms:article:audit', '1', '2013-05-27 08:00:00', '1', '2013-05-27 08:00:00', null, '1');
insert into sys_menu (id, parent_id, parent_ids, name, sort, href, target, icon, is_show, permission, create_by, create_date, update_by, update_date, remarks, del_flag) values ('46', '41', '0,1,31,40,41,', '链接模型', 60, '/cms/link/', null, 'icon-random', '0', null, '1', '2013-05-27 08:00:00', '1', '2013-05-27 08:00:00', null, '1');
insert into sys_menu (id, parent_id, parent_ids, name, sort, href, target, icon, is_show, permission, create_by, create_date, update_by, update_date, remarks, del_flag) values ('47', '46', '0,1,31,40,41,46,', '查看', 30, null, null, null, '0', 'cms:link:view', '1', '2013-05-27 08:00:00', '1', '2013-05-27 08:00:00', null, '1');
insert into sys_menu (id, parent_id, parent_ids, name, sort, href, target, icon, is_show, permission, create_by, create_date, update_by, update_date, remarks, del_flag) values ('47955988cae7482fa485a3cd878ed62c', '50394ffd6fad436fb2ac4f34e83cfa4d', '0,1,62,d1c20a5c4ec74f4d99708d50a333d1b3,50394ffd6fad436fb2ac4f34e83cfa4d,', '修改', 60, '', '', '', '0', 'pic:rmsPic:edit', '1', '2015-12-20 13:29:08', '1', '2015-12-20 13:29:08', '', '1');
insert into sys_menu (id, parent_id, parent_ids, name, sort, href, target, icon, is_show, permission, create_by, create_date, update_by, update_date, remarks, del_flag) values ('48', '46', '0,1,31,40,41,46,', '修改', 40, null, null, null, '0', 'cms:link:edit', '1', '2013-05-27 08:00:00', '1', '2013-05-27 08:00:00', null, '1');
insert into sys_menu (id, parent_id, parent_ids, name, sort, href, target, icon, is_show, permission, create_by, create_date, update_by, update_date, remarks, del_flag) values ('4855cf3b25c244fb8500a380db189d97', 'b1f6d1b86ba24365bae7fd86c5082317', '0,1,79,3c92c17886944d0687e73e286cada573,b1f6d1b86ba24365bae7fd86c5082317,', '查看', 30, '', '', '', '0', 'test:testDataMain:view', '1', '2013-08-12 13:10:05', '1', '2013-08-12 13:10:05', '', '0');
insert into sys_menu (id, parent_id, parent_ids, name, sort, href, target, icon, is_show, permission, create_by, create_date, update_by, update_date, remarks, del_flag) values ('49', '46', '0,1,31,40,41,46,', '审核', 50, null, null, null, '0', 'cms:link:audit', '1', '2013-05-27 08:00:00', '1', '2013-05-27 08:00:00', null, '1');
insert into sys_menu (id, parent_id, parent_ids, name, sort, href, target, icon, is_show, permission, create_by, create_date, update_by, update_date, remarks, del_flag) values ('5', '4', '0,1,2,3,4,', '查看', 30, null, null, null, '0', 'sys:menu:view', '1', '2013-05-27 08:00:00', '1', '2013-05-27 08:00:00', null, '0');
insert into sys_menu (id, parent_id, parent_ids, name, sort, href, target, icon, is_show, permission, create_by, create_date, update_by, update_date, remarks, del_flag) values ('50', '40', '0,1,31,40,', '评论管理', 40, '/cms/comment/?status=2', null, 'icon-comment', '1', null, '1', '2013-05-27 08:00:00', '1', '2013-05-27 08:00:00', null, '1');
insert into sys_menu (id, parent_id, parent_ids, name, sort, href, target, icon, is_show, permission, create_by, create_date, update_by, update_date, remarks, del_flag) values ('50394ffd6fad436fb2ac4f34e83cfa4d', 'd1c20a5c4ec74f4d99708d50a333d1b3', '0,1,62,d1c20a5c4ec74f4d99708d50a333d1b3,', '图片管理', 50, '/pic/rmsPic', '', 'icon-picture', '1', '', '1', '2015-12-20 13:27:31', '1', '2015-12-20 13:32:57', '', '1');
insert into sys_menu (id, parent_id, parent_ids, name, sort, href, target, icon, is_show, permission, create_by, create_date, update_by, update_date, remarks, del_flag) values ('51', '50', '0,1,31,40,50,', '查看', 30, null, null, null, '0', 'cms:comment:view', '1', '2013-05-27 08:00:00', '1', '2013-05-27 08:00:00', null, '1');
insert into sys_menu (id, parent_id, parent_ids, name, sort, href, target, icon, is_show, permission, create_by, create_date, update_by, update_date, remarks, del_flag) values ('52', '50', '0,1,31,40,50,', '审核', 40, null, null, null, '0', 'cms:comment:edit', '1', '2013-05-27 08:00:00', '1', '2013-05-27 08:00:00', null, '1');
insert into sys_menu (id, parent_id, parent_ids, name, sort, href, target, icon, is_show, permission, create_by, create_date, update_by, update_date, remarks, del_flag) values ('53', '40', '0,1,31,40,', '公共留言', 80, '/cms/guestbook/?status=2', null, 'icon-glass', '1', null, '1', '2013-05-27 08:00:00', '1', '2013-05-27 08:00:00', null, '1');
insert into sys_menu (id, parent_id, parent_ids, name, sort, href, target, icon, is_show, permission, create_by, create_date, update_by, update_date, remarks, del_flag) values ('54', '53', '0,1,31,40,53,', '查看', 30, null, null, null, '0', 'cms:guestbook:view', '1', '2013-05-27 08:00:00', '1', '2013-05-27 08:00:00', null, '1');
insert into sys_menu (id, parent_id, parent_ids, name, sort, href, target, icon, is_show, permission, create_by, create_date, update_by, update_date, remarks, del_flag) values ('54657a09b4d24332b8adfcd9cb8c6ef7', '1', '0,1,', '资源管理', 150, '', '', '', '1', '', '1', '2015-12-17 15:57:50', '1', '2015-12-17 15:57:50', '', '1');
insert into sys_menu (id, parent_id, parent_ids, name, sort, href, target, icon, is_show, permission, create_by, create_date, update_by, update_date, remarks, del_flag) values ('55', '53', '0,1,31,40,53,', '审核', 40, null, null, null, '0', 'cms:guestbook:edit', '1', '2013-05-27 08:00:00', '1', '2013-05-27 08:00:00', null, '1');
insert into sys_menu (id, parent_id, parent_ids, name, sort, href, target, icon, is_show, permission, create_by, create_date, update_by, update_date, remarks, del_flag) values ('55090c1d1f734081ba5f28cee5e9bc45', '54657a09b4d24332b8adfcd9cb8c6ef7', '0,1,54657a09b4d24332b8adfcd9cb8c6ef7,', '文档管理', 10, '/word/rmsWord', '', 'icon-file', '1', '', '1', '2015-12-17 16:01:17', '1', '2015-12-17 16:01:17', '', '1');
insert into sys_menu (id, parent_id, parent_ids, name, sort, href, target, icon, is_show, permission, create_by, create_date, update_by, update_date, remarks, del_flag) values ('56', '71', '0,1,27,71,', '文件管理', 90, '/../static/ckfinder/ckfinder.html', null, 'icon-folder-open', '1', null, '1', '2013-05-27 08:00:00', '1', '2013-05-27 08:00:00', null, '1');
insert into sys_menu (id, parent_id, parent_ids, name, sort, href, target, icon, is_show, permission, create_by, create_date, update_by, update_date, remarks, del_flag) values ('5631f5d6993946c19051f438f575e773', '63', '0,1,62,63,', '已办任务', 330, '/act/task/historic', '', '', '1', '', '1', '2015-12-06 17:03:07', '1', '2015-12-06 17:03:07', '', '1');
insert into sys_menu (id, parent_id, parent_ids, name, sort, href, target, icon, is_show, permission, create_by, create_date, update_by, update_date, remarks, del_flag) values ('57', '56', '0,1,27,40,56,', '查看', 30, null, null, null, '0', 'cms:ckfinder:view', '1', '2013-05-27 08:00:00', '1', '2013-05-27 08:00:00', null, '0');
insert into sys_menu (id, parent_id, parent_ids, name, sort, href, target, icon, is_show, permission, create_by, create_date, update_by, update_date, remarks, del_flag) values ('58', '56', '0,1,27,40,56,', '上传', 40, null, null, null, '0', 'cms:ckfinder:upload', '1', '2013-05-27 08:00:00', '1', '2013-05-27 08:00:00', null, '0');
insert into sys_menu (id, parent_id, parent_ids, name, sort, href, target, icon, is_show, permission, create_by, create_date, update_by, update_date, remarks, del_flag) values ('59', '56', '0,1,27,40,56,', '修改', 50, null, null, null, '0', 'cms:ckfinder:edit', '1', '2013-05-27 08:00:00', '1', '2013-05-27 08:00:00', null, '0');
insert into sys_menu (id, parent_id, parent_ids, name, sort, href, target, icon, is_show, permission, create_by, create_date, update_by, update_date, remarks, del_flag) values ('5d8ec59b73804a8da201729e617e94af', '27', '0,1,27,', '消息管理', 10, '', '', '', '1', '', '1', '2017-08-12 17:29:01', '1', '2017-08-12 17:30:43', '', '0');
insert into sys_menu (id, parent_id, parent_ids, name, sort, href, target, icon, is_show, permission, create_by, create_date, update_by, update_date, remarks, del_flag) values ('5dd4b046431e4d4aabd1e04f3454b453', '55090c1d1f734081ba5f28cee5e9bc45', '0,1,54657a09b4d24332b8adfcd9cb8c6ef7,55090c1d1f734081ba5f28cee5e9bc45,', '修改', 60, '', '', 'icon-file-alt', '0', 'word:rmsWord:edit', '1', '2015-12-17 16:06:25', '1', '2015-12-17 16:06:25', '', '1');
insert into sys_menu (id, parent_id, parent_ids, name, sort, href, target, icon, is_show, permission, create_by, create_date, update_by, update_date, remarks, del_flag) values ('6', '4', '0,1,2,3,4,', '修改', 40, null, null, null, '0', 'sys:menu:edit', '1', '2013-05-27 08:00:00', '1', '2013-05-27 08:00:00', null, '0');
insert into sys_menu (id, parent_id, parent_ids, name, sort, href, target, icon, is_show, permission, create_by, create_date, update_by, update_date, remarks, del_flag) values ('60', '31', '0,1,31,', '统计分析', 600, null, null, null, '1', null, '1', '2013-05-27 08:00:00', '1', '2013-05-27 08:00:00', null, '1');
insert into sys_menu (id, parent_id, parent_ids, name, sort, href, target, icon, is_show, permission, create_by, create_date, update_by, update_date, remarks, del_flag) values ('61', '60', '0,1,31,60,', '信息量统计', 30, '/cms/stats/article', null, 'icon-tasks', '1', 'cms:stats:article', '1', '2013-05-27 08:00:00', '1', '2013-05-27 08:00:00', null, '1');
insert into sys_menu (id, parent_id, parent_ids, name, sort, href, target, icon, is_show, permission, create_by, create_date, update_by, update_date, remarks, del_flag) values ('62', '1', '0,1,', '在线办公', 50, null, null, null, '1', null, '1', '2013-05-27 08:00:00', '1', '2013-05-27 08:00:00', null, '1');
insert into sys_menu (id, parent_id, parent_ids, name, sort, href, target, icon, is_show, permission, create_by, create_date, update_by, update_date, remarks, del_flag) values ('63', '62', '0,1,62,', '个人办公', 30, null, null, null, '1', null, '1', '2013-05-27 08:00:00', '1', '2013-05-27 08:00:00', null, '1');
insert into sys_menu (id, parent_id, parent_ids, name, sort, href, target, icon, is_show, permission, create_by, create_date, update_by, update_date, remarks, del_flag) values ('64', '63', '0,1,62,63,', '我的流程', 300, '/act/task/hisActs', '', 'icon-leaf', '1', '', '1', '2013-05-27 08:00:00', '1', '2015-12-06 17:01:00', '', '1');
insert into sys_menu (id, parent_id, parent_ids, name, sort, href, target, icon, is_show, permission, create_by, create_date, update_by, update_date, remarks, del_flag) values ('65', '64', '0,1,62,63,64,', '查看', 30, null, null, null, '0', 'oa:leave:view', '1', '2013-05-27 08:00:00', '1', '2013-05-27 08:00:00', null, '1');
insert into sys_menu (id, parent_id, parent_ids, name, sort, href, target, icon, is_show, permission, create_by, create_date, update_by, update_date, remarks, del_flag) values ('66', '64', '0,1,62,63,64,', '修改', 40, null, null, null, '0', 'oa:leave:edit', '1', '2013-05-27 08:00:00', '1', '2013-05-27 08:00:00', null, '1');
insert into sys_menu (id, parent_id, parent_ids, name, sort, href, target, icon, is_show, permission, create_by, create_date, update_by, update_date, remarks, del_flag) values ('67', '2', '0,1,2,', '日志查询', 985, null, null, null, '1', null, '1', '2013-06-03 08:00:00', '1', '2013-06-03 08:00:00', null, '0');
insert into sys_menu (id, parent_id, parent_ids, name, sort, href, target, icon, is_show, permission, create_by, create_date, update_by, update_date, remarks, del_flag) values ('68', '67', '0,1,2,67,', '日志查询', 30, '/sys/log', null, 'icon-pencil', '1', 'sys:log:view', '1', '2013-06-03 08:00:00', '1', '2013-06-03 08:00:00', null, '0');
insert into sys_menu (id, parent_id, parent_ids, name, sort, href, target, icon, is_show, permission, create_by, create_date, update_by, update_date, remarks, del_flag) values ('69', '62', '0,1,62,', '流程管理', 300, null, null, null, '1', null, '1', '2013-05-27 08:00:00', '1', '2013-05-27 08:00:00', null, '1');
insert into sys_menu (id, parent_id, parent_ids, name, sort, href, target, icon, is_show, permission, create_by, create_date, update_by, update_date, remarks, del_flag) values ('7', '13', '0,1,2,13,', '角色管理', 50, '/sys/role/', '', 'icon-lock', '1', '', '1', '2013-05-27 08:00:00', '1', '2017-08-12 16:41:56', '', '0');
insert into sys_menu (id, parent_id, parent_ids, name, sort, href, target, icon, is_show, permission, create_by, create_date, update_by, update_date, remarks, del_flag) values ('70', '69', '0,1,62,69,', '流程管理', 50, '/act/process', null, 'icon-road', '1', 'act:process:edit', '1', '2013-05-27 08:00:00', '1', '2013-05-27 08:00:00', null, '1');
insert into sys_menu (id, parent_id, parent_ids, name, sort, href, target, icon, is_show, permission, create_by, create_date, update_by, update_date, remarks, del_flag) values ('71', '27', '0,1,27,', '文件管理', 90, null, null, null, '1', null, '1', '2013-05-27 08:00:00', '1', '2013-05-27 08:00:00', null, '1');
insert into sys_menu (id, parent_id, parent_ids, name, sort, href, target, icon, is_show, permission, create_by, create_date, update_by, update_date, remarks, del_flag) values ('71251ead4d6640ed870ba6cadf105b5c', '5d8ec59b73804a8da201729e617e94af', '0,1,27,5d8ec59b73804a8da201729e617e94af,', '消息模板', 30, '/template/conveyorMsgTemplate', '', 'icon-th', '1', '', '1', '2017-08-12 17:34:26', '1', '2017-08-12 17:34:26', '', '0');
insert into sys_menu (id, parent_id, parent_ids, name, sort, href, target, icon, is_show, permission, create_by, create_date, update_by, update_date, remarks, del_flag) values ('72', '69', '0,1,62,69,', '模型管理', 100, '/act/model', null, 'icon-road', '1', 'act:model:edit', '1', '2013-09-20 08:00:00', '1', '2013-09-20 08:00:00', null, '1');
insert into sys_menu (id, parent_id, parent_ids, name, sort, href, target, icon, is_show, permission, create_by, create_date, update_by, update_date, remarks, del_flag) values ('73', '63', '0,1,62,63,', '待办任务', 50, '/act/task/todo/', '', 'icon-tasks', '1', '', '1', '2013-09-24 08:00:00', '1', '2015-12-06 17:02:26', '', '1');
insert into sys_menu (id, parent_id, parent_ids, name, sort, href, target, icon, is_show, permission, create_by, create_date, update_by, update_date, remarks, del_flag) values ('74', '63', '0,1,62,63,', '审批测试', 100, '/oa/testAudit', null, null, '1', 'oa:testAudit:view,oa:testAudit:edit', '1', '2013-09-24 08:00:00', '1', '2013-09-24 08:00:00', null, '1');
insert into sys_menu (id, parent_id, parent_ids, name, sort, href, target, icon, is_show, permission, create_by, create_date, update_by, update_date, remarks, del_flag) values ('75', '1', '0,1,', '在线演示', 3000, null, null, null, '1', null, '1', '2013-10-08 08:00:00', '1', '2013-10-08 08:00:00', null, '1');
insert into sys_menu (id, parent_id, parent_ids, name, sort, href, target, icon, is_show, permission, create_by, create_date, update_by, update_date, remarks, del_flag) values ('79', '1', '0,1,', '代码生成', 5000, null, null, null, '1', null, '1', '2013-10-16 08:00:00', '1', '2013-10-16 08:00:00', null, '0');
insert into sys_menu (id, parent_id, parent_ids, name, sort, href, target, icon, is_show, permission, create_by, create_date, update_by, update_date, remarks, del_flag) values ('7e2ff0bf0214408985c5c47b270f29ca', '3bf3f85874064493adfe58d56c1f06c7', '0,1,27,5d8ec59b73804a8da201729e617e94af,3bf3f85874064493adfe58d56c1f06c7,', '编辑', 60, '', '', '', '0', 'recored:conveyorMsgRecord:edit', '1', '2017-08-12 20:30:48', '1', '2017-08-12 20:30:48', '', '0');
insert into sys_menu (id, parent_id, parent_ids, name, sort, href, target, icon, is_show, permission, create_by, create_date, update_by, update_date, remarks, del_flag) values ('7e4fbd89d594402788be7f3e3bf572a0', '1abb1b1f174e40649403be881d04004b', '0,1,62,d1c20a5c4ec74f4d99708d50a333d1b3,1abb1b1f174e40649403be881d04004b,', '修改', 60, '', '', 'icon-edit', '0', 'word:rmsWord:edit', '1', '2015-12-17 16:17:35', '1', '2015-12-17 16:17:35', '', '1');
insert into sys_menu (id, parent_id, parent_ids, name, sort, href, target, icon, is_show, permission, create_by, create_date, update_by, update_date, remarks, del_flag) values ('7f016a4a39724ddbbf1bbf8f3f0b20c2', '3bf3f85874064493adfe58d56c1f06c7', '0,1,27,5d8ec59b73804a8da201729e617e94af,3bf3f85874064493adfe58d56c1f06c7,', '查看', 30, '', '', '', '0', 'recored:conveyorMsgRecord:view', '1', '2017-08-12 20:30:34', '1', '2017-08-12 20:30:34', '', '0');
insert into sys_menu (id, parent_id, parent_ids, name, sort, href, target, icon, is_show, permission, create_by, create_date, update_by, update_date, remarks, del_flag) values ('8', '7', '0,1,2,13,7,', '查看', 30, null, null, null, '0', 'sys:role:view', '1', '2013-05-27 08:00:00', '1', '2013-05-27 08:00:00', null, '0');
insert into sys_menu (id, parent_id, parent_ids, name, sort, href, target, icon, is_show, permission, create_by, create_date, update_by, update_date, remarks, del_flag) values ('80', '79', '0,1,79,', '代码生成', 50, null, null, null, '1', null, '1', '2013-10-16 08:00:00', '1', '2013-10-16 08:00:00', null, '0');
insert into sys_menu (id, parent_id, parent_ids, name, sort, href, target, icon, is_show, permission, create_by, create_date, update_by, update_date, remarks, del_flag) values ('81', '80', '0,1,79,80,', '生成方案配置', 30, '/gen/genScheme', null, null, '1', 'gen:genScheme:view,gen:genScheme:edit', '1', '2013-10-16 08:00:00', '1', '2013-10-16 08:00:00', null, '0');
insert into sys_menu (id, parent_id, parent_ids, name, sort, href, target, icon, is_show, permission, create_by, create_date, update_by, update_date, remarks, del_flag) values ('82', '80', '0,1,79,80,', '业务表配置', 20, '/gen/genTable', '', 'icon-camera', '1', 'gen:genTable:view,gen:genTable:edit,gen:genTableColumn:view,gen:genTableColumn:edit', '1', '2013-10-16 08:00:00', '1', '2015-12-22 17:26:30', '', '0');
insert into sys_menu (id, parent_id, parent_ids, name, sort, href, target, icon, is_show, permission, create_by, create_date, update_by, update_date, remarks, del_flag) values ('83', '80', '0,1,79,80,', '代码模板管理', 90, '/gen/genTemplate', null, null, '1', 'gen:genTemplate:view,gen:genTemplate:edit', '1', '2013-10-16 08:00:00', '1', '2013-10-16 08:00:00', null, '1');
insert into sys_menu (id, parent_id, parent_ids, name, sort, href, target, icon, is_show, permission, create_by, create_date, update_by, update_date, remarks, del_flag) values ('84', '67', '0,1,2,67,', '连接池监视', 40, '/../druid', null, null, '1', null, '1', '2013-10-18 08:00:00', '1', '2013-10-18 08:00:00', null, '0');
insert into sys_menu (id, parent_id, parent_ids, name, sort, href, target, icon, is_show, permission, create_by, create_date, update_by, update_date, remarks, del_flag) values ('85', '76', '0,1,75,76,', '行政区域', 80, '/../static/map/map-city.html', null, null, '1', null, '1', '2013-10-22 08:00:00', '1', '2013-10-22 08:00:00', null, '0');
insert into sys_menu (id, parent_id, parent_ids, name, sort, href, target, icon, is_show, permission, create_by, create_date, update_by, update_date, remarks, del_flag) values ('86', '75', '0,1,75,', '组件演示', 50, null, null, null, '1', null, '1', '2013-10-22 08:00:00', '1', '2013-10-22 08:00:00', null, '1');
insert into sys_menu (id, parent_id, parent_ids, name, sort, href, target, icon, is_show, permission, create_by, create_date, update_by, update_date, remarks, del_flag) values ('87', '86', '0,1,75,86,', '组件演示', 30, '/test/test/form', null, null, '1', 'test:test:view,test:test:edit', '1', '2013-10-22 08:00:00', '1', '2013-10-22 08:00:00', null, '1');
insert into sys_menu (id, parent_id, parent_ids, name, sort, href, target, icon, is_show, permission, create_by, create_date, update_by, update_date, remarks, del_flag) values ('88', '62', '0,1,62,', '通知通告', 20, '', '', '', '1', '', '1', '2013-11-08 08:00:00', '1', '2013-11-08 08:00:00', null, '1');
insert into sys_menu (id, parent_id, parent_ids, name, sort, href, target, icon, is_show, permission, create_by, create_date, update_by, update_date, remarks, del_flag) values ('89', '88', '0,1,62,88,', '我的通告', 30, '/oa/oaNotify/self', '', '', '1', '', '1', '2013-11-08 08:00:00', '1', '2013-11-08 08:00:00', null, '1');
insert into sys_menu (id, parent_id, parent_ids, name, sort, href, target, icon, is_show, permission, create_by, create_date, update_by, update_date, remarks, del_flag) values ('8cb47ba815b34dbabbf75b30f4d6e712', 'bbf8ee7f7d8c45b68585f939d7ebc4fe', '0,1,62,d1c20a5c4ec74f4d99708d50a333d1b3,bbf8ee7f7d8c45b68585f939d7ebc4fe,', '查看', 30, '', '', '', '0', 'video:rmsVideo:view', '1', '2015-12-21 19:03:44', '1', '2015-12-21 19:03:44', '', '1');
insert into sys_menu (id, parent_id, parent_ids, name, sort, href, target, icon, is_show, permission, create_by, create_date, update_by, update_date, remarks, del_flag) values ('9', '7', '0,1,2,13,7,', '修改', 40, null, null, null, '0', 'sys:role:edit', '1', '2013-05-27 08:00:00', '1', '2013-05-27 08:00:00', null, '0');
insert into sys_menu (id, parent_id, parent_ids, name, sort, href, target, icon, is_show, permission, create_by, create_date, update_by, update_date, remarks, del_flag) values ('90', '88', '0,1,62,88,', '通告管理', 50, '/oa/oaNotify', '', '', '1', 'oa:oaNotify:view,oa:oaNotify:edit', '1', '2013-11-08 08:00:00', '1', '2013-11-08 08:00:00', null, '1');
insert into sys_menu (id, parent_id, parent_ids, name, sort, href, target, icon, is_show, permission, create_by, create_date, update_by, update_date, remarks, del_flag) values ('9c02c698b1e543c6bf6e156bf6f453c4', '62', '0,1,62,', '用户权限', 80, '', '', '', '1', '', '1', '2016-04-24 23:15:04', '1', '2016-04-24 23:15:04', '', '1');
insert into sys_menu (id, parent_id, parent_ids, name, sort, href, target, icon, is_show, permission, create_by, create_date, update_by, update_date, remarks, del_flag) values ('ac28812bd4894f32ad544f3a74cd750b', 'bbf8ee7f7d8c45b68585f939d7ebc4fe', '0,1,62,d1c20a5c4ec74f4d99708d50a333d1b3,bbf8ee7f7d8c45b68585f939d7ebc4fe,', '修改', 60, '', '', '', '0', 'video:rmsVideo:edit', '1', '2015-12-21 19:04:24', '1', '2015-12-21 19:04:24', '', '1');
insert into sys_menu (id, parent_id, parent_ids, name, sort, href, target, icon, is_show, permission, create_by, create_date, update_by, update_date, remarks, del_flag) values ('afab2db430e2457f9cf3a11feaa8b869', '0ca004d6b1bf4bcab9670a5060d82a55', '0,1,79,3c92c17886944d0687e73e286cada573,0ca004d6b1bf4bcab9670a5060d82a55,', '编辑', 60, '', '', '', '0', 'test:testTree:edit', '1', '2013-08-12 13:10:05', '1', '2013-08-12 13:10:05', '', '0');
insert into sys_menu (id, parent_id, parent_ids, name, sort, href, target, icon, is_show, permission, create_by, create_date, update_by, update_date, remarks, del_flag) values ('b1f6d1b86ba24365bae7fd86c5082317', '3c92c17886944d0687e73e286cada573', '0,1,79,3c92c17886944d0687e73e286cada573,', '主子表', 60, '/test/testDataMain', '', '', '1', '', '1', '2013-08-12 13:10:05', '1', '2013-08-12 13:10:05', '', '0');
insert into sys_menu (id, parent_id, parent_ids, name, sort, href, target, icon, is_show, permission, create_by, create_date, update_by, update_date, remarks, del_flag) values ('ba8092291b40482db8fe7fc006ea3d76', '3c92c17886944d0687e73e286cada573', '0,1,79,3c92c17886944d0687e73e286cada573,', '单表', 30, '/test/testData', '', '', '1', '', '1', '2013-08-12 13:10:05', '1', '2013-08-12 13:10:05', '', '0');
insert into sys_menu (id, parent_id, parent_ids, name, sort, href, target, icon, is_show, permission, create_by, create_date, update_by, update_date, remarks, del_flag) values ('bbf8ee7f7d8c45b68585f939d7ebc4fe', 'd1c20a5c4ec74f4d99708d50a333d1b3', '0,1,62,d1c20a5c4ec74f4d99708d50a333d1b3,', '视频管理', 80, '/video/rmsVideo', '', 'icon-facetime-video', '1', '', '1', '2015-12-21 19:03:03', '1', '2015-12-21 19:03:03', '', '1');
insert into sys_menu (id, parent_id, parent_ids, name, sort, href, target, icon, is_show, permission, create_by, create_date, update_by, update_date, remarks, del_flag) values ('c0a5efafafe3409d88199f77d67114d8', '71251ead4d6640ed870ba6cadf105b5c', '0,1,27,5d8ec59b73804a8da201729e617e94af,71251ead4d6640ed870ba6cadf105b5c,', '编辑', 60, '', '', '', '0', 'template:conveyorMsgTemplate:edit', '1', '2017-08-12 17:35:46', '1', '2017-08-12 17:35:46', '', '0');
insert into sys_menu (id, parent_id, parent_ids, name, sort, href, target, icon, is_show, permission, create_by, create_date, update_by, update_date, remarks, del_flag) values ('c2e4d9082a0b4386884a0b203afe2c5c', '0ca004d6b1bf4bcab9670a5060d82a55', '0,1,79,3c92c17886944d0687e73e286cada573,0ca004d6b1bf4bcab9670a5060d82a55,', '查看', 30, '', '', '', '0', 'test:testTree:view', '1', '2013-08-12 13:10:05', '1', '2013-08-12 13:10:05', '', '0');
insert into sys_menu (id, parent_id, parent_ids, name, sort, href, target, icon, is_show, permission, create_by, create_date, update_by, update_date, remarks, del_flag) values ('d15ec45a4c5449c3bbd7a61d5f9dd1d2', 'b1f6d1b86ba24365bae7fd86c5082317', '0,1,79,3c92c17886944d0687e73e286cada573,b1f6d1b86ba24365bae7fd86c5082317,', '编辑', 60, '', '', '', '0', 'test:testDataMain:edit', '1', '2013-08-12 13:10:05', '1', '2013-08-12 13:10:05', '', '0');
insert into sys_menu (id, parent_id, parent_ids, name, sort, href, target, icon, is_show, permission, create_by, create_date, update_by, update_date, remarks, del_flag) values ('d1c20a5c4ec74f4d99708d50a333d1b3', '62', '0,1,62,', '资源管理', 50, '', '', 'icon-cloud', '1', '', '1', '2015-12-17 16:15:23', '1', '2015-12-17 16:15:23', '', '1');
insert into sys_menu (id, parent_id, parent_ids, name, sort, href, target, icon, is_show, permission, create_by, create_date, update_by, update_date, remarks, del_flag) values ('d9d6eac422704505b85535f067e122b8', '27', '0,1,27,', '任务管理', 20, '', '', '', '1', '', '1', '2017-08-12 19:10:44', '1', '2017-08-12 19:10:44', '', '0');
insert into sys_menu (id, parent_id, parent_ids, name, sort, href, target, icon, is_show, permission, create_by, create_date, update_by, update_date, remarks, del_flag) values ('df7ce823c5b24ff9bada43d992f373e2', 'ba8092291b40482db8fe7fc006ea3d76', '0,1,79,3c92c17886944d0687e73e286cada573,ba8092291b40482db8fe7fc006ea3d76,', '查看', 30, '', '', '', '0', 'test:testData:view', '1', '2013-08-12 13:10:05', '1', '2013-08-12 13:10:05', '', '0');
insert into sys_menu (id, parent_id, parent_ids, name, sort, href, target, icon, is_show, permission, create_by, create_date, update_by, update_date, remarks, del_flag) values ('e2f047abbf744ad39254383d855e6ae4', 'd1c20a5c4ec74f4d99708d50a333d1b3', '0,1,62,d1c20a5c4ec74f4d99708d50a333d1b3,', '授权管理', 110, '/sys/role/', '', '', '1', '', '1', '2016-04-12 21:13:29', '1', '2016-04-12 21:13:29', '', '1');
DROP TABLE sys_office;
CREATE TABLE sys_office ( id varchar(64) NOT NULL COMMENT '编号', parent_id varchar(64) NOT NULL COMMENT '父级编号', parent_ids varchar(2000) NOT NULL COMMENT '所有父级编号', name varchar(100) NOT NULL COMMENT '名称', sort decimal NOT NULL COMMENT '排序', area_id varchar(64) NOT NULL COMMENT '归属区域', code varchar(100) COMMENT '区域编码', type char(1) NOT NULL COMMENT '机构类型', grade char(1) NOT NULL COMMENT '机构等级', address varchar(255) COMMENT '联系地址', zip_code varchar(100) COMMENT '邮政编码', master varchar(100) COMMENT '负责人', phone varchar(200) COMMENT '电话', fax varchar(200) COMMENT '传真', email varchar(200) COMMENT '邮箱', USEABLE varchar(64) COMMENT '是否启用', PRIMARY_PERSON varchar(64) COMMENT '主负责人', DEPUTY_PERSON varchar(64) COMMENT '副负责人', create_by varchar(64) NOT NULL COMMENT '创建者', create_date datetime NOT NULL COMMENT '创建时间', update_by varchar(64) NOT NULL COMMENT '更新者', update_date datetime NOT NULL COMMENT '更新时间', remarks varchar(255) COMMENT '备注信息', del_flag char(1) DEFAULT '0' NOT NULL COMMENT '删除标记', PRIMARY KEY (id) ) ENGINE=InnoDB DEFAULT CHARSET=utf8 COMMENT='机构表';
insert into sys_office (id, parent_id, parent_ids, name, sort, area_id, code, type, grade, address, zip_code, master, phone, fax, email, USEABLE, PRIMARY_PERSON, DEPUTY_PERSON, create_by, create_date, update_by, update_date, remarks, del_flag) values ('1', '0', '0,', '组织机构', 10, '2', '100000', '1', '1', '', '', '', '', '', '', '1', '', '', '1', '2013-05-27 08:00:00', '1', '2016-01-03 12:05:49', '', '1');
insert into sys_office (id, parent_id, parent_ids, name, sort, area_id, code, type, grade, address, zip_code, master, phone, fax, email, USEABLE, PRIMARY_PERSON, DEPUTY_PERSON, create_by, create_date, update_by, update_date, remarks, del_flag) values ('10', '7', '0,1,7,', '市场部', 30, '3', '200003', '2', '2', null, null, null, null, null, null, '1', null, null, '1', '2013-05-27 08:00:00', '1', '2013-05-27 08:00:00', null, '1');
insert into sys_office (id, parent_id, parent_ids, name, sort, area_id, code, type, grade, address, zip_code, master, phone, fax, email, USEABLE, PRIMARY_PERSON, DEPUTY_PERSON, create_by, create_date, update_by, update_date, remarks, del_flag) values ('11', '7', '0,1,7,', '技术部', 40, '3', '200004', '2', '2', null, null, null, null, null, null, '1', null, null, '1', '2013-05-27 08:00:00', '1', '2013-05-27 08:00:00', null, '1');
insert into sys_office (id, parent_id, parent_ids, name, sort, area_id, code, type, grade, address, zip_code, master, phone, fax, email, USEABLE, PRIMARY_PERSON, DEPUTY_PERSON, create_by, create_date, update_by, update_date, remarks, del_flag) values ('12', '7', '0,1,7,', '历城区分公司', 0, '4', '201000', '1', '3', null, null, null, null, null, null, '1', null, null, '1', '2013-05-27 08:00:00', '1', '2013-05-27 08:00:00', null, '1');
insert into sys_office (id, parent_id, parent_ids, name, sort, area_id, code, type, grade, address, zip_code, master, phone, fax, email, USEABLE, PRIMARY_PERSON, DEPUTY_PERSON, create_by, create_date, update_by, update_date, remarks, del_flag) values ('13', '12', '0,1,7,12,', '公司领导', 10, '4', '201001', '2', '3', null, null, null, null, null, null, '1', null, null, '1', '2013-05-27 08:00:00', '1', '2013-05-27 08:00:00', null, '1');
insert into sys_office (id, parent_id, parent_ids, name, sort, area_id, code, type, grade, address, zip_code, master, phone, fax, email, USEABLE, PRIMARY_PERSON, DEPUTY_PERSON, create_by, create_date, update_by, update_date, remarks, del_flag) values ('14', '12', '0,1,7,12,', '综合部', 20, '4', '201002', '2', '3', null, null, null, null, null, null, '1', null, null, '1', '2013-05-27 08:00:00', '1', '2013-05-27 08:00:00', null, '1');
insert into sys_office (id, parent_id, parent_ids, name, sort, area_id, code, type, grade, address, zip_code, master, phone, fax, email, USEABLE, PRIMARY_PERSON, DEPUTY_PERSON, create_by, create_date, update_by, update_date, remarks, del_flag) values ('15', '12', '0,1,7,12,', '市场部', 30, '4', '201003', '2', '3', null, null, null, null, null, null, '1', null, null, '1', '2013-05-27 08:00:00', '1', '2013-05-27 08:00:00', null, '1');
insert into sys_office (id, parent_id, parent_ids, name, sort, area_id, code, type, grade, address, zip_code, master, phone, fax, email, USEABLE, PRIMARY_PERSON, DEPUTY_PERSON, create_by, create_date, update_by, update_date, remarks, del_flag) values ('16', '12', '0,1,7,12,', '技术部', 40, '4', '201004', '2', '3', null, null, null, null, null, null, '1', null, null, '1', '2013-05-27 08:00:00', '1', '2013-05-27 08:00:00', null, '1');
insert into sys_office (id, parent_id, parent_ids, name, sort, area_id, code, type, grade, address, zip_code, master, phone, fax, email, USEABLE, PRIMARY_PERSON, DEPUTY_PERSON, create_by, create_date, update_by, update_date, remarks, del_flag) values ('17', '7', '0,1,7,', '历下区分公司', 40, '5', '201010', '1', '3', null, null, null, null, null, null, '1', null, null, '1', '2013-05-27 08:00:00', '1', '2013-05-27 08:00:00', null, '1');
insert into sys_office (id, parent_id, parent_ids, name, sort, area_id, code, type, grade, address, zip_code, master, phone, fax, email, USEABLE, PRIMARY_PERSON, DEPUTY_PERSON, create_by, create_date, update_by, update_date, remarks, del_flag) values ('18', '17', '0,1,7,17,', '公司领导', 10, '5', '201011', '2', '3', null, null, null, null, null, null, '1', null, null, '1', '2013-05-27 08:00:00', '1', '2013-05-27 08:00:00', null, '1');
insert into sys_office (id, parent_id, parent_ids, name, sort, area_id, code, type, grade, address, zip_code, master, phone, fax, email, USEABLE, PRIMARY_PERSON, DEPUTY_PERSON, create_by, create_date, update_by, update_date, remarks, del_flag) values ('19', '17', '0,1,7,17,', '综合部', 20, '5', '201012', '2', '3', null, null, null, null, null, null, '1', null, null, '1', '2013-05-27 08:00:00', '1', '2013-05-27 08:00:00', null, '1');
insert into sys_office (id, parent_id, parent_ids, name, sort, area_id, code, type, grade, address, zip_code, master, phone, fax, email, USEABLE, PRIMARY_PERSON, DEPUTY_PERSON, create_by, create_date, update_by, update_date, remarks, del_flag) values ('2', '1', '0,1,', '公司领导', 10, '2', '100001', '2', '1', null, null, null, null, null, null, '1', null, null, '1', '2013-05-27 08:00:00', '1', '2013-05-27 08:00:00', null, '1');
insert into sys_office (id, parent_id, parent_ids, name, sort, area_id, code, type, grade, address, zip_code, master, phone, fax, email, USEABLE, PRIMARY_PERSON, DEPUTY_PERSON, create_by, create_date, update_by, update_date, remarks, del_flag) values ('20', '17', '0,1,7,17,', '市场部', 30, '5', '201013', '2', '3', null, null, null, null, null, null, '1', null, null, '1', '2013-05-27 08:00:00', '1', '2013-05-27 08:00:00', null, '1');
insert into sys_office (id, parent_id, parent_ids, name, sort, area_id, code, type, grade, address, zip_code, master, phone, fax, email, USEABLE, PRIMARY_PERSON, DEPUTY_PERSON, create_by, create_date, update_by, update_date, remarks, del_flag) values ('21', '17', '0,1,7,17,', '技术部', 40, '5', '201014', '2', '3', null, null, null, null, null, null, '1', null, null, '1', '2013-05-27 08:00:00', '1', '2013-05-27 08:00:00', null, '1');
insert into sys_office (id, parent_id, parent_ids, name, sort, area_id, code, type, grade, address, zip_code, master, phone, fax, email, USEABLE, PRIMARY_PERSON, DEPUTY_PERSON, create_by, create_date, update_by, update_date, remarks, del_flag) values ('22', '7', '0,1,7,', '高新区分公司', 50, '6', '201010', '1', '3', null, null, null, null, null, null, '1', null, null, '1', '2013-05-27 08:00:00', '1', '2013-05-27 08:00:00', null, '1');
insert into sys_office (id, parent_id, parent_ids, name, sort, area_id, code, type, grade, address, zip_code, master, phone, fax, email, USEABLE, PRIMARY_PERSON, DEPUTY_PERSON, create_by, create_date, update_by, update_date, remarks, del_flag) values ('23', '22', '0,1,7,22,', '公司领导', 10, '6', '201011', '2', '3', null, null, null, null, null, null, '1', null, null, '1', '2013-05-27 08:00:00', '1', '2013-05-27 08:00:00', null, '1');
insert into sys_office (id, parent_id, parent_ids, name, sort, area_id, code, type, grade, address, zip_code, master, phone, fax, email, USEABLE, PRIMARY_PERSON, DEPUTY_PERSON, create_by, create_date, update_by, update_date, remarks, del_flag) values ('24', '22', '0,1,7,22,', '综合部', 20, '6', '201012', '2', '3', null, null, null, null, null, null, '1', null, null, '1', '2013-05-27 08:00:00', '1', '2013-05-27 08:00:00', null, '1');
insert into sys_office (id, parent_id, parent_ids, name, sort, area_id, code, type, grade, address, zip_code, master, phone, fax, email, USEABLE, PRIMARY_PERSON, DEPUTY_PERSON, create_by, create_date, update_by, update_date, remarks, del_flag) values ('25', '22', '0,1,7,22,', '市场部', 30, '6', '201013', '2', '3', null, null, null, null, null, null, '1', null, null, '1', '2013-05-27 08:00:00', '1', '2013-05-27 08:00:00', null, '1');
insert into sys_office (id, parent_id, parent_ids, name, sort, area_id, code, type, grade, address, zip_code, master, phone, fax, email, USEABLE, PRIMARY_PERSON, DEPUTY_PERSON, create_by, create_date, update_by, update_date, remarks, del_flag) values ('26', '22', '0,1,7,22,', '技术部', 40, '6', '201014', '2', '3', null, null, null, null, null, null, '1', null, null, '1', '2013-05-27 08:00:00', '1', '2013-05-27 08:00:00', null, '1');
insert into sys_office (id, parent_id, parent_ids, name, sort, area_id, code, type, grade, address, zip_code, master, phone, fax, email, USEABLE, PRIMARY_PERSON, DEPUTY_PERSON, create_by, create_date, update_by, update_date, remarks, del_flag) values ('3', '1', '0,1,', '综合部', 20, '2', '100002', '2', '1', null, null, null, null, null, null, '1', null, null, '1', '2013-05-27 08:00:00', '1', '2013-05-27 08:00:00', null, '1');
insert into sys_office (id, parent_id, parent_ids, name, sort, area_id, code, type, grade, address, zip_code, master, phone, fax, email, USEABLE, PRIMARY_PERSON, DEPUTY_PERSON, create_by, create_date, update_by, update_date, remarks, del_flag) values ('303ec24544bd41abaedf8b278c38734c', '641a6ae32ff54c30925d65a6ac411b8b', '0,641a6ae32ff54c30925d65a6ac411b8b,', '红沿河核电站', 30, '2', 'HYH', '2', '1', '', '', '', '', '', '', '1', '', '', '1', '2016-03-12 13:45:35', '1', '2016-04-13 23:02:04', '', '1');
insert into sys_office (id, parent_id, parent_ids, name, sort, area_id, code, type, grade, address, zip_code, master, phone, fax, email, USEABLE, PRIMARY_PERSON, DEPUTY_PERSON, create_by, create_date, update_by, update_date, remarks, del_flag) values ('32e29ba8ec1942368370dba0ef819994', '7', '0,1,7,', 'CNOC', 30, '2', '100000002', '2', '2', '', '', '', '', '', '', '1', '', '', '1', '2016-01-03 12:27:54', '1', '2016-02-01 15:41:52', '', '1');
insert into sys_office (id, parent_id, parent_ids, name, sort, area_id, code, type, grade, address, zip_code, master, phone, fax, email, USEABLE, PRIMARY_PERSON, DEPUTY_PERSON, create_by, create_date, update_by, update_date, remarks, del_flag) values ('4', '1', '0,1,', '市场部', 30, '2', '100003', '2', '1', null, null, null, null, null, null, '1', null, null, '1', '2013-05-27 08:00:00', '1', '2013-05-27 08:00:00', null, '1');
insert into sys_office (id, parent_id, parent_ids, name, sort, area_id, code, type, grade, address, zip_code, master, phone, fax, email, USEABLE, PRIMARY_PERSON, DEPUTY_PERSON, create_by, create_date, update_by, update_date, remarks, del_flag) values ('5', '1', '0,1,', '技术部', 40, '2', '100004', '2', '1', null, null, null, null, null, null, '1', null, null, '1', '2013-05-27 08:00:00', '1', '2013-05-27 08:00:00', null, '1');
insert into sys_office (id, parent_id, parent_ids, name, sort, area_id, code, type, grade, address, zip_code, master, phone, fax, email, USEABLE, PRIMARY_PERSON, DEPUTY_PERSON, create_by, create_date, update_by, update_date, remarks, del_flag) values ('6', '1', '0,1,', '研发部', 50, '2', '100005', '2', '1', null, null, null, null, null, null, '1', null, null, '1', '2013-05-27 08:00:00', '1', '2013-05-27 08:00:00', null, '1');
insert into sys_office (id, parent_id, parent_ids, name, sort, area_id, code, type, grade, address, zip_code, master, phone, fax, email, USEABLE, PRIMARY_PERSON, DEPUTY_PERSON, create_by, create_date, update_by, update_date, remarks, del_flag) values ('641a6ae32ff54c30925d65a6ac411b8b', '0', '0,', '组织机构', 30, '1', '', '1', '1', '', '', '', '', '', '', '1', '', '', '1', '2016-04-13 23:01:06', '1', '2017-08-12 16:52:24', '', '0');
insert into sys_office (id, parent_id, parent_ids, name, sort, area_id, code, type, grade, address, zip_code, master, phone, fax, email, USEABLE, PRIMARY_PERSON, DEPUTY_PERSON, create_by, create_date, update_by, update_date, remarks, del_flag) values ('7', '1', '0,1,', '大亚湾核电', 20, '3', '200000', '1', '2', '', '', '', '', '', '', '1', '', '', '1', '2013-05-27 08:00:00', '1', '2016-02-01 15:41:34', '', '1');
insert into sys_office (id, parent_id, parent_ids, name, sort, area_id, code, type, grade, address, zip_code, master, phone, fax, email, USEABLE, PRIMARY_PERSON, DEPUTY_PERSON, create_by, create_date, update_by, update_date, remarks, del_flag) values ('8', '7', '0,1,7,', '公司领导', 10, '3', '200001', '2', '2', null, null, null, null, null, null, '1', null, null, '1', '2013-05-27 08:00:00', '1', '2013-05-27 08:00:00', null, '1');
insert into sys_office (id, parent_id, parent_ids, name, sort, area_id, code, type, grade, address, zip_code, master, phone, fax, email, USEABLE, PRIMARY_PERSON, DEPUTY_PERSON, create_by, create_date, update_by, update_date, remarks, del_flag) values ('9', '7', '0,1,7,', '综合部', 20, '3', '200002', '2', '2', null, null, null, null, null, null, '1', null, null, '1', '2013-05-27 08:00:00', '1', '2013-05-27 08:00:00', null, '1');
insert into sys_office (id, parent_id, parent_ids, name, sort, area_id, code, type, grade, address, zip_code, master, phone, fax, email, USEABLE, PRIMARY_PERSON, DEPUTY_PERSON, create_by, create_date, update_by, update_date, remarks, del_flag) values ('aadf77ff0f714222af6f78d2bb026bc9', 'c8b0017978ca4f41bb1351d9ced4dc9b', '0,641a6ae32ff54c30925d65a6ac411b8b,c8b0017978ca4f41bb1351d9ced4dc9b,', '综合部', 30, '2', '', '2', '1', '', '', '', '', '', '', '1', '', '', 'e847f5be7ae04a7f9d807b1fcf88ddbb', '2016-04-13 23:24:24', 'e847f5be7ae04a7f9d807b1fcf88ddbb', '2016-04-13 23:24:24', '', '1');
insert into sys_office (id, parent_id, parent_ids, name, sort, area_id, code, type, grade, address, zip_code, master, phone, fax, email, USEABLE, PRIMARY_PERSON, DEPUTY_PERSON, create_by, create_date, update_by, update_date, remarks, del_flag) values ('bb905154b83940b6946104cab3b33331', '641a6ae32ff54c30925d65a6ac411b8b', '0,641a6ae32ff54c30925d65a6ac411b8b,', '宁德核电站', 30, '2', '', '2', '1', '', '', '', '', '', '', '1', '', '', '1', '2016-03-26 23:27:32', '1', '2016-04-13 23:01:28', '', '1');
insert into sys_office (id, parent_id, parent_ids, name, sort, area_id, code, type, grade, address, zip_code, master, phone, fax, email, USEABLE, PRIMARY_PERSON, DEPUTY_PERSON, create_by, create_date, update_by, update_date, remarks, del_flag) values ('bde9f9823be74562a6c697d66f9739c7', '1', '0,1,', '测试部', 30, '2', '100000007', '2', '1', '', '', '', '', '', '', '1', '', '', '1', '2015-11-30 11:26:51', '1', '2015-11-30 11:26:51', '', '1');
insert into sys_office (id, parent_id, parent_ids, name, sort, area_id, code, type, grade, address, zip_code, master, phone, fax, email, USEABLE, PRIMARY_PERSON, DEPUTY_PERSON, create_by, create_date, update_by, update_date, remarks, del_flag) values ('c8b0017978ca4f41bb1351d9ced4dc9b', '641a6ae32ff54c30925d65a6ac411b8b', '0,641a6ae32ff54c30925d65a6ac411b8b,', '阳江核电站', 30, '2', '', '1', '1', '', '', '', '', '', '', '1', '', '', '1', '2016-03-26 23:28:42', 'e847f5be7ae04a7f9d807b1fcf88ddbb', '2016-04-13 23:26:24', '', '1');
insert into sys_office (id, parent_id, parent_ids, name, sort, area_id, code, type, grade, address, zip_code, master, phone, fax, email, USEABLE, PRIMARY_PERSON, DEPUTY_PERSON, create_by, create_date, update_by, update_date, remarks, del_flag) values ('c99feb5a9d044e24b03373ea8728ed49', '641a6ae32ff54c30925d65a6ac411b8b', '0,641a6ae32ff54c30925d65a6ac411b8b,', '管理组', 30, '1', '', '1', '1', '', '', '', '', '', '', '1', '', '', '1', '2017-08-12 16:51:00', '1', '2017-08-12 16:51:00', '', '0');
DROP TABLE sys_role;
CREATE TABLE sys_role ( id varchar(64) NOT NULL COMMENT '编号', office_id varchar(64) COMMENT '归属机构', name varchar(100) NOT NULL COMMENT '角色名称', enname varchar(255) COMMENT '英文名称', role_type varchar(255) COMMENT '角色类型', data_scope char(1) COMMENT '数据范围', is_sys varchar(64) COMMENT '是否系统数据', useable varchar(64) COMMENT '是否可用', create_by varchar(64) NOT NULL COMMENT '创建者', create_date datetime NOT NULL COMMENT '创建时间', update_by varchar(64) NOT NULL COMMENT '更新者', update_date datetime NOT NULL COMMENT '更新时间', remarks varchar(255) COMMENT '备注信息', del_flag char(1) DEFAULT '0' NOT NULL COMMENT '删除标记', PRIMARY KEY (id) ) ENGINE=InnoDB DEFAULT CHARSET=utf8 COMMENT='角色表';
insert into sys_role (id, office_id, name, enname, role_type, data_scope, is_sys, useable, create_by, create_date, update_by, update_date, remarks, del_flag) values ('1', '1', '系统管理员', 'dept', 'assignment', '1', null, '1', '1', '2013-05-27 08:00:00', '1', '2013-05-27 08:00:00', null, '1');
insert into sys_role (id, office_id, name, enname, role_type, data_scope, is_sys, useable, create_by, create_date, update_by, update_date, remarks, del_flag) values ('2', '1', '公司管理员', 'hr', 'assignment', '2', null, '1', '1', '2013-05-27 08:00:00', '1', '2013-05-27 08:00:00', null, '1');
insert into sys_role (id, office_id, name, enname, role_type, data_scope, is_sys, useable, create_by, create_date, update_by, update_date, remarks, del_flag) values ('2ee2c2291bc54d1ab06ffacbac3be412', '2', '部门副经理', 'testAdminBak', 'security-role', '5', '1', '1', '1', '2015-11-30 13:34:36', '1', '2015-12-17 16:18:14', '', '1');
insert into sys_role (id, office_id, name, enname, role_type, data_scope, is_sys, useable, create_by, create_date, update_by, update_date, remarks, del_flag) values ('3', '1', '本公司管理员', 'a', 'assignment', '3', null, '1', '1', '2013-05-27 08:00:00', '1', '2013-05-27 08:00:00', null, '1');
insert into sys_role (id, office_id, name, enname, role_type, data_scope, is_sys, useable, create_by, create_date, update_by, update_date, remarks, del_flag) values ('3c7442d89e224fcc9a042821ca3d7ea8', 'bb905154b83940b6946104cab3b33331', '宁德江视频员', 'ndjemp', 'assignment', '4', '0', '1', '701ed49f025b45bcb117a02bd2be993f', '2016-04-13 23:09:08', '701ed49f025b45bcb117a02bd2be993f', '2016-04-13 23:09:08', '', '1');
insert into sys_role (id, office_id, name, enname, role_type, data_scope, is_sys, useable, create_by, create_date, update_by, update_date, remarks, del_flag) values ('4', '1', '部门管理员', 'b', 'assignment', '4', null, '1', '1', '2013-05-27 08:00:00', '1', '2013-05-27 08:00:00', null, '1');
insert into sys_role (id, office_id, name, enname, role_type, data_scope, is_sys, useable, create_by, create_date, update_by, update_date, remarks, del_flag) values ('5', '1', '本部门管理员', 'c', 'assignment', '5', null, '1', '1', '2013-05-27 08:00:00', '1', '2013-05-27 08:00:00', null, '1');
insert into sys_role (id, office_id, name, enname, role_type, data_scope, is_sys, useable, create_by, create_date, update_by, update_date, remarks, del_flag) values ('6', '1', '普通用户', 'd', 'assignment', '8', null, '1', '1', '2013-05-27 08:00:00', '1', '2013-05-27 08:00:00', null, '1');
insert into sys_role (id, office_id, name, enname, role_type, data_scope, is_sys, useable, create_by, create_date, update_by, update_date, remarks, del_flag) values ('67de734334b74c83b3c13969c1bd8978', '2', '部门经理', 'testAdmin', 'security-role', '4', '1', '1', '1', '2015-11-30 13:33:08', '1', '2015-11-30 13:34:51', '', '1');
insert into sys_role (id, office_id, name, enname, role_type, data_scope, is_sys, useable, create_by, create_date, update_by, update_date, remarks, del_flag) values ('7', '7', '济南市管理员', 'e', 'assignment', '9', null, '1', '1', '2013-05-27 08:00:00', '1', '2013-05-27 08:00:00', null, '1');
insert into sys_role (id, office_id, name, enname, role_type, data_scope, is_sys, useable, create_by, create_date, update_by, update_date, remarks, del_flag) values ('75f75f7af5094ab98770d38a5f8e5c53', '2', '普通员工', 'simpleUser', 'user', '8', '1', '1', '1', '2015-11-30 13:35:51', '1', '2015-12-21 19:24:13', '', '1');
insert into sys_role (id, office_id, name, enname, role_type, data_scope, is_sys, useable, create_by, create_date, update_by, update_date, remarks, del_flag) values ('83e0c3152e2c4a28b222ff428a1ec782', '2', '项目经理', 'proAdmin', 'user', '8', '1', '1', '1', '2015-11-30 13:45:28', '1', '2015-11-30 14:20:27', '', '1');
insert into sys_role (id, office_id, name, enname, role_type, data_scope, is_sys, useable, create_by, create_date, update_by, update_date, remarks, del_flag) values ('a793a8a337ab4e3cbee23e9f72180b67', 'c8b0017978ca4f41bb1351d9ced4dc9b', '阳江系统管理员', 'yjadmin', 'assignment', '2', '0', '1', '1', '2016-04-13 23:11:16', 'e847f5be7ae04a7f9d807b1fcf88ddbb', '2016-04-13 23:29:13', '', '1');
insert into sys_role (id, office_id, name, enname, role_type, data_scope, is_sys, useable, create_by, create_date, update_by, update_date, remarks, del_flag) values ('a811bde478cf4a1eb1ac6b2d842c0978', 'c8b0017978ca4f41bb1351d9ced4dc9b', '阳江视频管理员', 'yjemp', 'user', '4', '0', '1', 'e847f5be7ae04a7f9d807b1fcf88ddbb', '2016-04-13 23:23:40', 'e847f5be7ae04a7f9d807b1fcf88ddbb', '2016-04-13 23:23:52', '', '1');
insert into sys_role (id, office_id, name, enname, role_type, data_scope, is_sys, useable, create_by, create_date, update_by, update_date, remarks, del_flag) values ('e047ad4a9462407ca5f8abf0d34420a8', '2', '视频管理员', 'mangerEmp', 'assignment', '4', '0', '1', '1', '2016-01-03 12:27:00', '1', '2016-04-13 23:03:23', '', '1');
insert into sys_role (id, office_id, name, enname, role_type, data_scope, is_sys, useable, create_by, create_date, update_by, update_date, remarks, del_flag) values ('e5e38669f7a7456aba9189d190ff433e', '2', '系统管理员', 'admin', 'assignment', '4', '0', '1', '1', '2016-01-03 12:25:04', '1', '2016-04-24 23:16:38', '', '1');
insert into sys_role (id, office_id, name, enname, role_type, data_scope, is_sys, useable, create_by, create_date, update_by, update_date, remarks, del_flag) values ('fb1a7e0632ca491eb423d4dafcf2ca3e', '2', '系统管理人员', 'admin', 'assignment', '1', '1', '1', '1', '2016-06-17 16:19:38', '1', '2016-06-17 16:19:38', '', '0');
DROP TABLE sys_role_menu;
CREATE TABLE sys_role_menu ( role_id varchar(64) NOT NULL COMMENT '角色编号', menu_id varchar(64) NOT NULL COMMENT '菜单编号', PRIMARY KEY (role_id, menu_id) ) ENGINE=InnoDB DEFAULT CHARSET=utf8 COMMENT='角色-菜单';
insert into sys_role_menu (role_id, menu_id) values ('1', '1');
insert into sys_role_menu (role_id, menu_id) values ('1', '10');
insert into sys_role_menu (role_id, menu_id) values ('1', '11');
insert into sys_role_menu (role_id, menu_id) values ('1', '12');
insert into sys_role_menu (role_id, menu_id) values ('1', '13');
insert into sys_role_menu (role_id, menu_id) values ('1', '14');
insert into sys_role_menu (role_id, menu_id) values ('1', '15');
insert into sys_role_menu (role_id, menu_id) values ('1', '16');
insert into sys_role_menu (role_id, menu_id) values ('1', '17');
insert into sys_role_menu (role_id, menu_id) values ('1', '18');
insert into sys_role_menu (role_id, menu_id) values ('1', '19');
insert into sys_role_menu (role_id, menu_id) values ('1', '2');
insert into sys_role_menu (role_id, menu_id) values ('1', '20');
insert into sys_role_menu (role_id, menu_id) values ('1', '21');
insert into sys_role_menu (role_id, menu_id) values ('1', '22');
insert into sys_role_menu (role_id, menu_id) values ('1', '23');
insert into sys_role_menu (role_id, menu_id) values ('1', '24');
insert into sys_role_menu (role_id, menu_id) values ('1', '25');
insert into sys_role_menu (role_id, menu_id) values ('1', '26');
insert into sys_role_menu (role_id, menu_id) values ('1', '27');
insert into sys_role_menu (role_id, menu_id) values ('1', '28');
insert into sys_role_menu (role_id, menu_id) values ('1', '29');
insert into sys_role_menu (role_id, menu_id) values ('1', '3');
insert into sys_role_menu (role_id, menu_id) values ('1', '30');
insert into sys_role_menu (role_id, menu_id) values ('1', '31');
insert into sys_role_menu (role_id, menu_id) values ('1', '32');
insert into sys_role_menu (role_id, menu_id) values ('1', '33');
insert into sys_role_menu (role_id, menu_id) values ('1', '34');
insert into sys_role_menu (role_id, menu_id) values ('1', '35');
insert into sys_role_menu (role_id, menu_id) values ('1', '36');
insert into sys_role_menu (role_id, menu_id) values ('1', '37');
insert into sys_role_menu (role_id, menu_id) values ('1', '38');
insert into sys_role_menu (role_id, menu_id) values ('1', '39');
insert into sys_role_menu (role_id, menu_id) values ('1', '4');
insert into sys_role_menu (role_id, menu_id) values ('1', '40');
insert into sys_role_menu (role_id, menu_id) values ('1', '41');
insert into sys_role_menu (role_id, menu_id) values ('1', '42');
insert into sys_role_menu (role_id, menu_id) values ('1', '43');
insert into sys_role_menu (role_id, menu_id) values ('1', '44');
insert into sys_role_menu (role_id, menu_id) values ('1', '45');
insert into sys_role_menu (role_id, menu_id) values ('1', '46');
insert into sys_role_menu (role_id, menu_id) values ('1', '47');
insert into sys_role_menu (role_id, menu_id) values ('1', '48');
insert into sys_role_menu (role_id, menu_id) values ('1', '49');
insert into sys_role_menu (role_id, menu_id) values ('1', '5');
insert into sys_role_menu (role_id, menu_id) values ('1', '50');
insert into sys_role_menu (role_id, menu_id) values ('1', '51');
insert into sys_role_menu (role_id, menu_id) values ('1', '52');
insert into sys_role_menu (role_id, menu_id) values ('1', '53');
insert into sys_role_menu (role_id, menu_id) values ('1', '54');
insert into sys_role_menu (role_id, menu_id) values ('1', '55');
insert into sys_role_menu (role_id, menu_id) values ('1', '56');
insert into sys_role_menu (role_id, menu_id) values ('1', '57');
insert into sys_role_menu (role_id, menu_id) values ('1', '58');
insert into sys_role_menu (role_id, menu_id) values ('1', '59');
insert into sys_role_menu (role_id, menu_id) values ('1', '6');
insert into sys_role_menu (role_id, menu_id) values ('1', '60');
insert into sys_role_menu (role_id, menu_id) values ('1', '61');
insert into sys_role_menu (role_id, menu_id) values ('1', '62');
insert into sys_role_menu (role_id, menu_id) values ('1', '63');
insert into sys_role_menu (role_id, menu_id) values ('1', '64');
insert into sys_role_menu (role_id, menu_id) values ('1', '65');
insert into sys_role_menu (role_id, menu_id) values ('1', '66');
insert into sys_role_menu (role_id, menu_id) values ('1', '67');
insert into sys_role_menu (role_id, menu_id) values ('1', '68');
insert into sys_role_menu (role_id, menu_id) values ('1', '69');
insert into sys_role_menu (role_id, menu_id) values ('1', '7');
insert into sys_role_menu (role_id, menu_id) values ('1', '70');
insert into sys_role_menu (role_id, menu_id) values ('1', '71');
insert into sys_role_menu (role_id, menu_id) values ('1', '72');
insert into sys_role_menu (role_id, menu_id) values ('1', '73');
insert into sys_role_menu (role_id, menu_id) values ('1', '74');
insert into sys_role_menu (role_id, menu_id) values ('1', '75');
insert into sys_role_menu (role_id, menu_id) values ('1', '76');
insert into sys_role_menu (role_id, menu_id) values ('1', '77');
insert into sys_role_menu (role_id, menu_id) values ('1', '78');
insert into sys_role_menu (role_id, menu_id) values ('1', '79');
insert into sys_role_menu (role_id, menu_id) values ('1', '8');
insert into sys_role_menu (role_id, menu_id) values ('1', '80');
insert into sys_role_menu (role_id, menu_id) values ('1', '81');
insert into sys_role_menu (role_id, menu_id) values ('1', '82');
insert into sys_role_menu (role_id, menu_id) values ('1', '83');
insert into sys_role_menu (role_id, menu_id) values ('1', '84');
insert into sys_role_menu (role_id, menu_id) values ('1', '85');
insert into sys_role_menu (role_id, menu_id) values ('1', '86');
insert into sys_role_menu (role_id, menu_id) values ('1', '87');
insert into sys_role_menu (role_id, menu_id) values ('1', '88');
insert into sys_role_menu (role_id, menu_id) values ('1', '89');
insert into sys_role_menu (role_id, menu_id) values ('1', '9');
insert into sys_role_menu (role_id, menu_id) values ('1', '90');
insert into sys_role_menu (role_id, menu_id) values ('2', '1');
insert into sys_role_menu (role_id, menu_id) values ('2', '10');
insert into sys_role_menu (role_id, menu_id) values ('2', '11');
insert into sys_role_menu (role_id, menu_id) values ('2', '12');
insert into sys_role_menu (role_id, menu_id) values ('2', '13');
insert into sys_role_menu (role_id, menu_id) values ('2', '14');
insert into sys_role_menu (role_id, menu_id) values ('2', '15');
insert into sys_role_menu (role_id, menu_id) values ('2', '16');
insert into sys_role_menu (role_id, menu_id) values ('2', '17');
insert into sys_role_menu (role_id, menu_id) values ('2', '18');
insert into sys_role_menu (role_id, menu_id) values ('2', '19');
insert into sys_role_menu (role_id, menu_id) values ('2', '2');
insert into sys_role_menu (role_id, menu_id) values ('2', '20');
insert into sys_role_menu (role_id, menu_id) values ('2', '21');
insert into sys_role_menu (role_id, menu_id) values ('2', '22');
insert into sys_role_menu (role_id, menu_id) values ('2', '23');
insert into sys_role_menu (role_id, menu_id) values ('2', '24');
insert into sys_role_menu (role_id, menu_id) values ('2', '25');
insert into sys_role_menu (role_id, menu_id) values ('2', '26');
insert into sys_role_menu (role_id, menu_id) values ('2', '27');
insert into sys_role_menu (role_id, menu_id) values ('2', '28');
insert into sys_role_menu (role_id, menu_id) values ('2', '29');
insert into sys_role_menu (role_id, menu_id) values ('2', '3');
insert into sys_role_menu (role_id, menu_id) values ('2', '30');
insert into sys_role_menu (role_id, menu_id) values ('2', '31');
insert into sys_role_menu (role_id, menu_id) values ('2', '32');
insert into sys_role_menu (role_id, menu_id) values ('2', '33');
insert into sys_role_menu (role_id, menu_id) values ('2', '34');
insert into sys_role_menu (role_id, menu_id) values ('2', '35');
insert into sys_role_menu (role_id, menu_id) values ('2', '36');
insert into sys_role_menu (role_id, menu_id) values ('2', '37');
insert into sys_role_menu (role_id, menu_id) values ('2', '38');
insert into sys_role_menu (role_id, menu_id) values ('2', '39');
insert into sys_role_menu (role_id, menu_id) values ('2', '4');
insert into sys_role_menu (role_id, menu_id) values ('2', '40');
insert into sys_role_menu (role_id, menu_id) values ('2', '41');
insert into sys_role_menu (role_id, menu_id) values ('2', '42');
insert into sys_role_menu (role_id, menu_id) values ('2', '43');
insert into sys_role_menu (role_id, menu_id) values ('2', '44');
insert into sys_role_menu (role_id, menu_id) values ('2', '45');
insert into sys_role_menu (role_id, menu_id) values ('2', '46');
insert into sys_role_menu (role_id, menu_id) values ('2', '47');
insert into sys_role_menu (role_id, menu_id) values ('2', '48');
insert into sys_role_menu (role_id, menu_id) values ('2', '49');
insert into sys_role_menu (role_id, menu_id) values ('2', '5');
insert into sys_role_menu (role_id, menu_id) values ('2', '50');
insert into sys_role_menu (role_id, menu_id) values ('2', '51');
insert into sys_role_menu (role_id, menu_id) values ('2', '52');
insert into sys_role_menu (role_id, menu_id) values ('2', '53');
insert into sys_role_menu (role_id, menu_id) values ('2', '54');
insert into sys_role_menu (role_id, menu_id) values ('2', '55');
insert into sys_role_menu (role_id, menu_id) values ('2', '56');
insert into sys_role_menu (role_id, menu_id) values ('2', '57');
insert into sys_role_menu (role_id, menu_id) values ('2', '58');
insert into sys_role_menu (role_id, menu_id) values ('2', '59');
insert into sys_role_menu (role_id, menu_id) values ('2', '6');
insert into sys_role_menu (role_id, menu_id) values ('2', '60');
insert into sys_role_menu (role_id, menu_id) values ('2', '61');
insert into sys_role_menu (role_id, menu_id) values ('2', '62');
insert into sys_role_menu (role_id, menu_id) values ('2', '63');
insert into sys_role_menu (role_id, menu_id) values ('2', '64');
insert into sys_role_menu (role_id, menu_id) values ('2', '65');
insert into sys_role_menu (role_id, menu_id) values ('2', '66');
insert into sys_role_menu (role_id, menu_id) values ('2', '67');
insert into sys_role_menu (role_id, menu_id) values ('2', '68');
insert into sys_role_menu (role_id, menu_id) values ('2', '69');
insert into sys_role_menu (role_id, menu_id) values ('2', '7');
insert into sys_role_menu (role_id, menu_id) values ('2', '70');
insert into sys_role_menu (role_id, menu_id) values ('2', '71');
insert into sys_role_menu (role_id, menu_id) values ('2', '72');
insert into sys_role_menu (role_id, menu_id) values ('2', '73');
insert into sys_role_menu (role_id, menu_id) values ('2', '74');
insert into sys_role_menu (role_id, menu_id) values ('2', '75');
insert into sys_role_menu (role_id, menu_id) values ('2', '76');
insert into sys_role_menu (role_id, menu_id) values ('2', '77');
insert into sys_role_menu (role_id, menu_id) values ('2', '78');
insert into sys_role_menu (role_id, menu_id) values ('2', '79');
insert into sys_role_menu (role_id, menu_id) values ('2', '8');
insert into sys_role_menu (role_id, menu_id) values ('2', '80');
insert into sys_role_menu (role_id, menu_id) values ('2', '81');
insert into sys_role_menu (role_id, menu_id) values ('2', '82');
insert into sys_role_menu (role_id, menu_id) values ('2', '83');
insert into sys_role_menu (role_id, menu_id) values ('2', '84');
insert into sys_role_menu (role_id, menu_id) values ('2', '85');
insert into sys_role_menu (role_id, menu_id) values ('2', '86');
insert into sys_role_menu (role_id, menu_id) values ('2', '87');
insert into sys_role_menu (role_id, menu_id) values ('2', '88');
insert into sys_role_menu (role_id, menu_id) values ('2', '89');
insert into sys_role_menu (role_id, menu_id) values ('2', '9');
insert into sys_role_menu (role_id, menu_id) values ('2', '90');
insert into sys_role_menu (role_id, menu_id) values ('2ee2c2291bc54d1ab06ffacbac3be412', '1');
insert into sys_role_menu (role_id, menu_id) values ('2ee2c2291bc54d1ab06ffacbac3be412', '10');
insert into sys_role_menu (role_id, menu_id) values ('2ee2c2291bc54d1ab06ffacbac3be412', '11');
insert into sys_role_menu (role_id, menu_id) values ('2ee2c2291bc54d1ab06ffacbac3be412', '12');
insert into sys_role_menu (role_id, menu_id) values ('2ee2c2291bc54d1ab06ffacbac3be412', '13');
insert into sys_role_menu (role_id, menu_id) values ('2ee2c2291bc54d1ab06ffacbac3be412', '14');
insert into sys_role_menu (role_id, menu_id) values ('2ee2c2291bc54d1ab06ffacbac3be412', '15');
insert into sys_role_menu (role_id, menu_id) values ('2ee2c2291bc54d1ab06ffacbac3be412', '16');
insert into sys_role_menu (role_id, menu_id) values ('2ee2c2291bc54d1ab06ffacbac3be412', '17');
insert into sys_role_menu (role_id, menu_id) values ('2ee2c2291bc54d1ab06ffacbac3be412', '18');
insert into sys_role_menu (role_id, menu_id) values ('2ee2c2291bc54d1ab06ffacbac3be412', '19');
insert into sys_role_menu (role_id, menu_id) values ('2ee2c2291bc54d1ab06ffacbac3be412', '1abb1b1f174e40649403be881d04004b');
insert into sys_role_menu (role_id, menu_id) values ('2ee2c2291bc54d1ab06ffacbac3be412', '2');
insert into sys_role_menu (role_id, menu_id) values ('2ee2c2291bc54d1ab06ffacbac3be412', '20');
insert into sys_role_menu (role_id, menu_id) values ('2ee2c2291bc54d1ab06ffacbac3be412', '21');
insert into sys_role_menu (role_id, menu_id) values ('2ee2c2291bc54d1ab06ffacbac3be412', '22');
insert into sys_role_menu (role_id, menu_id) values ('2ee2c2291bc54d1ab06ffacbac3be412', '24');
insert into sys_role_menu (role_id, menu_id) values ('2ee2c2291bc54d1ab06ffacbac3be412', '27');
insert into sys_role_menu (role_id, menu_id) values ('2ee2c2291bc54d1ab06ffacbac3be412', '28');
insert into sys_role_menu (role_id, menu_id) values ('2ee2c2291bc54d1ab06ffacbac3be412', '29');
insert into sys_role_menu (role_id, menu_id) values ('2ee2c2291bc54d1ab06ffacbac3be412', '3');
insert into sys_role_menu (role_id, menu_id) values ('2ee2c2291bc54d1ab06ffacbac3be412', '30');
insert into sys_role_menu (role_id, menu_id) values ('2ee2c2291bc54d1ab06ffacbac3be412', '3c2846d692234eada61e5c2cf680e197');
insert into sys_role_menu (role_id, menu_id) values ('2ee2c2291bc54d1ab06ffacbac3be412', '4');
insert into sys_role_menu (role_id, menu_id) values ('2ee2c2291bc54d1ab06ffacbac3be412', '5');
insert into sys_role_menu (role_id, menu_id) values ('2ee2c2291bc54d1ab06ffacbac3be412', '57');
insert into sys_role_menu (role_id, menu_id) values ('2ee2c2291bc54d1ab06ffacbac3be412', '58');
insert into sys_role_menu (role_id, menu_id) values ('2ee2c2291bc54d1ab06ffacbac3be412', '59');
insert into sys_role_menu (role_id, menu_id) values ('2ee2c2291bc54d1ab06ffacbac3be412', '6');
insert into sys_role_menu (role_id, menu_id) values ('2ee2c2291bc54d1ab06ffacbac3be412', '62');
insert into sys_role_menu (role_id, menu_id) values ('2ee2c2291bc54d1ab06ffacbac3be412', '67');
insert into sys_role_menu (role_id, menu_id) values ('2ee2c2291bc54d1ab06ffacbac3be412', '68');
insert into sys_role_menu (role_id, menu_id) values ('2ee2c2291bc54d1ab06ffacbac3be412', '7');
insert into sys_role_menu (role_id, menu_id) values ('2ee2c2291bc54d1ab06ffacbac3be412', '7e4fbd89d594402788be7f3e3bf572a0');
insert into sys_role_menu (role_id, menu_id) values ('2ee2c2291bc54d1ab06ffacbac3be412', '8');
insert into sys_role_menu (role_id, menu_id) values ('2ee2c2291bc54d1ab06ffacbac3be412', '84');
insert into sys_role_menu (role_id, menu_id) values ('2ee2c2291bc54d1ab06ffacbac3be412', '88');
insert into sys_role_menu (role_id, menu_id) values ('2ee2c2291bc54d1ab06ffacbac3be412', '89');
insert into sys_role_menu (role_id, menu_id) values ('2ee2c2291bc54d1ab06ffacbac3be412', '9');
insert into sys_role_menu (role_id, menu_id) values ('2ee2c2291bc54d1ab06ffacbac3be412', '90');
insert into sys_role_menu (role_id, menu_id) values ('2ee2c2291bc54d1ab06ffacbac3be412', 'd1c20a5c4ec74f4d99708d50a333d1b3');
insert into sys_role_menu (role_id, menu_id) values ('3', '1');
insert into sys_role_menu (role_id, menu_id) values ('3', '10');
insert into sys_role_menu (role_id, menu_id) values ('3', '11');
insert into sys_role_menu (role_id, menu_id) values ('3', '12');
insert into sys_role_menu (role_id, menu_id) values ('3', '13');
insert into sys_role_menu (role_id, menu_id) values ('3', '14');
insert into sys_role_menu (role_id, menu_id) values ('3', '15');
insert into sys_role_menu (role_id, menu_id) values ('3', '16');
insert into sys_role_menu (role_id, menu_id) values ('3', '17');
insert into sys_role_menu (role_id, menu_id) values ('3', '18');
insert into sys_role_menu (role_id, menu_id) values ('3', '19');
insert into sys_role_menu (role_id, menu_id) values ('3', '2');
insert into sys_role_menu (role_id, menu_id) values ('3', '20');
insert into sys_role_menu (role_id, menu_id) values ('3', '21');
insert into sys_role_menu (role_id, menu_id) values ('3', '22');
insert into sys_role_menu (role_id, menu_id) values ('3', '23');
insert into sys_role_menu (role_id, menu_id) values ('3', '24');
insert into sys_role_menu (role_id, menu_id) values ('3', '25');
insert into sys_role_menu (role_id, menu_id) values ('3', '26');
insert into sys_role_menu (role_id, menu_id) values ('3', '27');
insert into sys_role_menu (role_id, menu_id) values ('3', '28');
insert into sys_role_menu (role_id, menu_id) values ('3', '29');
insert into sys_role_menu (role_id, menu_id) values ('3', '3');
insert into sys_role_menu (role_id, menu_id) values ('3', '30');
insert into sys_role_menu (role_id, menu_id) values ('3', '31');
insert into sys_role_menu (role_id, menu_id) values ('3', '32');
insert into sys_role_menu (role_id, menu_id) values ('3', '33');
insert into sys_role_menu (role_id, menu_id) values ('3', '34');
insert into sys_role_menu (role_id, menu_id) values ('3', '35');
insert into sys_role_menu (role_id, menu_id) values ('3', '36');
insert into sys_role_menu (role_id, menu_id) values ('3', '37');
insert into sys_role_menu (role_id, menu_id) values ('3', '38');
insert into sys_role_menu (role_id, menu_id) values ('3', '39');
insert into sys_role_menu (role_id, menu_id) values ('3', '4');
insert into sys_role_menu (role_id, menu_id) values ('3', '40');
insert into sys_role_menu (role_id, menu_id) values ('3', '41');
insert into sys_role_menu (role_id, menu_id) values ('3', '42');
insert into sys_role_menu (role_id, menu_id) values ('3', '43');
insert into sys_role_menu (role_id, menu_id) values ('3', '44');
insert into sys_role_menu (role_id, menu_id) values ('3', '45');
insert into sys_role_menu (role_id, menu_id) values ('3', '46');
insert into sys_role_menu (role_id, menu_id) values ('3', '47');
insert into sys_role_menu (role_id, menu_id) values ('3', '48');
insert into sys_role_menu (role_id, menu_id) values ('3', '49');
insert into sys_role_menu (role_id, menu_id) values ('3', '5');
insert into sys_role_menu (role_id, menu_id) values ('3', '50');
insert into sys_role_menu (role_id, menu_id) values ('3', '51');
insert into sys_role_menu (role_id, menu_id) values ('3', '52');
insert into sys_role_menu (role_id, menu_id) values ('3', '53');
insert into sys_role_menu (role_id, menu_id) values ('3', '54');
insert into sys_role_menu (role_id, menu_id) values ('3', '55');
insert into sys_role_menu (role_id, menu_id) values ('3', '56');
insert into sys_role_menu (role_id, menu_id) values ('3', '57');
insert into sys_role_menu (role_id, menu_id) values ('3', '58');
insert into sys_role_menu (role_id, menu_id) values ('3', '59');
insert into sys_role_menu (role_id, menu_id) values ('3', '6');
insert into sys_role_menu (role_id, menu_id) values ('3', '60');
insert into sys_role_menu (role_id, menu_id) values ('3', '61');
insert into sys_role_menu (role_id, menu_id) values ('3', '62');
insert into sys_role_menu (role_id, menu_id) values ('3', '63');
insert into sys_role_menu (role_id, menu_id) values ('3', '64');
insert into sys_role_menu (role_id, menu_id) values ('3', '65');
insert into sys_role_menu (role_id, menu_id) values ('3', '66');
insert into sys_role_menu (role_id, menu_id) values ('3', '67');
insert into sys_role_menu (role_id, menu_id) values ('3', '68');
insert into sys_role_menu (role_id, menu_id) values ('3', '69');
insert into sys_role_menu (role_id, menu_id) values ('3', '7');
insert into sys_role_menu (role_id, menu_id) values ('3', '70');
insert into sys_role_menu (role_id, menu_id) values ('3', '71');
insert into sys_role_menu (role_id, menu_id) values ('3', '72');
insert into sys_role_menu (role_id, menu_id) values ('3', '73');
insert into sys_role_menu (role_id, menu_id) values ('3', '74');
insert into sys_role_menu (role_id, menu_id) values ('3', '75');
insert into sys_role_menu (role_id, menu_id) values ('3', '76');
insert into sys_role_menu (role_id, menu_id) values ('3', '77');
insert into sys_role_menu (role_id, menu_id) values ('3', '78');
insert into sys_role_menu (role_id, menu_id) values ('3', '79');
insert into sys_role_menu (role_id, menu_id) values ('3', '8');
insert into sys_role_menu (role_id, menu_id) values ('3', '80');
insert into sys_role_menu (role_id, menu_id) values ('3', '81');
insert into sys_role_menu (role_id, menu_id) values ('3', '82');
insert into sys_role_menu (role_id, menu_id) values ('3', '83');
insert into sys_role_menu (role_id, menu_id) values ('3', '84');
insert into sys_role_menu (role_id, menu_id) values ('3', '85');
insert into sys_role_menu (role_id, menu_id) values ('3', '86');
insert into sys_role_menu (role_id, menu_id) values ('3', '87');
insert into sys_role_menu (role_id, menu_id) values ('3', '88');
insert into sys_role_menu (role_id, menu_id) values ('3', '89');
insert into sys_role_menu (role_id, menu_id) values ('3', '9');
insert into sys_role_menu (role_id, menu_id) values ('3', '90');
insert into sys_role_menu (role_id, menu_id) values ('3c7442d89e224fcc9a042821ca3d7ea8', '0350bce1a1de45c1a68712ae4ffd9421');
insert into sys_role_menu (role_id, menu_id) values ('3c7442d89e224fcc9a042821ca3d7ea8', '1');
insert into sys_role_menu (role_id, menu_id) values ('3c7442d89e224fcc9a042821ca3d7ea8', '1abb1b1f174e40649403be881d04004b');
insert into sys_role_menu (role_id, menu_id) values ('3c7442d89e224fcc9a042821ca3d7ea8', '27');
insert into sys_role_menu (role_id, menu_id) values ('3c7442d89e224fcc9a042821ca3d7ea8', '28');
insert into sys_role_menu (role_id, menu_id) values ('3c7442d89e224fcc9a042821ca3d7ea8', '29');
insert into sys_role_menu (role_id, menu_id) values ('3c7442d89e224fcc9a042821ca3d7ea8', '30');
insert into sys_role_menu (role_id, menu_id) values ('3c7442d89e224fcc9a042821ca3d7ea8', '3c2846d692234eada61e5c2cf680e197');
insert into sys_role_menu (role_id, menu_id) values ('3c7442d89e224fcc9a042821ca3d7ea8', '47955988cae7482fa485a3cd878ed62c');
insert into sys_role_menu (role_id, menu_id) values ('3c7442d89e224fcc9a042821ca3d7ea8', '50394ffd6fad436fb2ac4f34e83cfa4d');
insert into sys_role_menu (role_id, menu_id) values ('3c7442d89e224fcc9a042821ca3d7ea8', '62');
insert into sys_role_menu (role_id, menu_id) values ('3c7442d89e224fcc9a042821ca3d7ea8', '7e4fbd89d594402788be7f3e3bf572a0');
insert into sys_role_menu (role_id, menu_id) values ('3c7442d89e224fcc9a042821ca3d7ea8', '88');
insert into sys_role_menu (role_id, menu_id) values ('3c7442d89e224fcc9a042821ca3d7ea8', '89');
insert into sys_role_menu (role_id, menu_id) values ('3c7442d89e224fcc9a042821ca3d7ea8', '8cb47ba815b34dbabbf75b30f4d6e712');
insert into sys_role_menu (role_id, menu_id) values ('3c7442d89e224fcc9a042821ca3d7ea8', '90');
insert into sys_role_menu (role_id, menu_id) values ('3c7442d89e224fcc9a042821ca3d7ea8', 'ac28812bd4894f32ad544f3a74cd750b');
insert into sys_role_menu (role_id, menu_id) values ('3c7442d89e224fcc9a042821ca3d7ea8', 'bbf8ee7f7d8c45b68585f939d7ebc4fe');
insert into sys_role_menu (role_id, menu_id) values ('3c7442d89e224fcc9a042821ca3d7ea8', 'd1c20a5c4ec74f4d99708d50a333d1b3');
insert into sys_role_menu (role_id, menu_id) values ('67de734334b74c83b3c13969c1bd8978', '1');
insert into sys_role_menu (role_id, menu_id) values ('67de734334b74c83b3c13969c1bd8978', '10');
insert into sys_role_menu (role_id, menu_id) values ('67de734334b74c83b3c13969c1bd8978', '11');
insert into sys_role_menu (role_id, menu_id) values ('67de734334b74c83b3c13969c1bd8978', '12');
insert into sys_role_menu (role_id, menu_id) values ('67de734334b74c83b3c13969c1bd8978', '13');
insert into sys_role_menu (role_id, menu_id) values ('67de734334b74c83b3c13969c1bd8978', '14');
insert into sys_role_menu (role_id, menu_id) values ('67de734334b74c83b3c13969c1bd8978', '15');
insert into sys_role_menu (role_id, menu_id) values ('67de734334b74c83b3c13969c1bd8978', '16');
insert into sys_role_menu (role_id, menu_id) values ('67de734334b74c83b3c13969c1bd8978', '17');
insert into sys_role_menu (role_id, menu_id) values ('67de734334b74c83b3c13969c1bd8978', '18');
insert into sys_role_menu (role_id, menu_id) values ('67de734334b74c83b3c13969c1bd8978', '19');
insert into sys_role_menu (role_id, menu_id) values ('67de734334b74c83b3c13969c1bd8978', '2');
insert into sys_role_menu (role_id, menu_id) values ('67de734334b74c83b3c13969c1bd8978', '20');
insert into sys_role_menu (role_id, menu_id) values ('67de734334b74c83b3c13969c1bd8978', '21');
insert into sys_role_menu (role_id, menu_id) values ('67de734334b74c83b3c13969c1bd8978', '22');
insert into sys_role_menu (role_id, menu_id) values ('67de734334b74c83b3c13969c1bd8978', '23');
insert into sys_role_menu (role_id, menu_id) values ('67de734334b74c83b3c13969c1bd8978', '24');
insert into sys_role_menu (role_id, menu_id) values ('67de734334b74c83b3c13969c1bd8978', '27');
insert into sys_role_menu (role_id, menu_id) values ('67de734334b74c83b3c13969c1bd8978', '28');
insert into sys_role_menu (role_id, menu_id) values ('67de734334b74c83b3c13969c1bd8978', '29');
insert into sys_role_menu (role_id, menu_id) values ('67de734334b74c83b3c13969c1bd8978', '3');
insert into sys_role_menu (role_id, menu_id) values ('67de734334b74c83b3c13969c1bd8978', '30');
insert into sys_role_menu (role_id, menu_id) values ('67de734334b74c83b3c13969c1bd8978', '4');
insert into sys_role_menu (role_id, menu_id) values ('67de734334b74c83b3c13969c1bd8978', '5');
insert into sys_role_menu (role_id, menu_id) values ('67de734334b74c83b3c13969c1bd8978', '56');
insert into sys_role_menu (role_id, menu_id) values ('67de734334b74c83b3c13969c1bd8978', '57');
insert into sys_role_menu (role_id, menu_id) values ('67de734334b74c83b3c13969c1bd8978', '58');
insert into sys_role_menu (role_id, menu_id) values ('67de734334b74c83b3c13969c1bd8978', '59');
insert into sys_role_menu (role_id, menu_id) values ('67de734334b74c83b3c13969c1bd8978', '6');
insert into sys_role_menu (role_id, menu_id) values ('67de734334b74c83b3c13969c1bd8978', '62');
insert into sys_role_menu (role_id, menu_id) values ('67de734334b74c83b3c13969c1bd8978', '63');
insert into sys_role_menu (role_id, menu_id) values ('67de734334b74c83b3c13969c1bd8978', '64');
insert into sys_role_menu (role_id, menu_id) values ('67de734334b74c83b3c13969c1bd8978', '65');
insert into sys_role_menu (role_id, menu_id) values ('67de734334b74c83b3c13969c1bd8978', '66');
insert into sys_role_menu (role_id, menu_id) values ('67de734334b74c83b3c13969c1bd8978', '67');
insert into sys_role_menu (role_id, menu_id) values ('67de734334b74c83b3c13969c1bd8978', '68');
insert into sys_role_menu (role_id, menu_id) values ('67de734334b74c83b3c13969c1bd8978', '69');
insert into sys_role_menu (role_id, menu_id) values ('67de734334b74c83b3c13969c1bd8978', '7');
insert into sys_role_menu (role_id, menu_id) values ('67de734334b74c83b3c13969c1bd8978', '70');
insert into sys_role_menu (role_id, menu_id) values ('67de734334b74c83b3c13969c1bd8978', '71');
insert into sys_role_menu (role_id, menu_id) values ('67de734334b74c83b3c13969c1bd8978', '72');
insert into sys_role_menu (role_id, menu_id) values ('67de734334b74c83b3c13969c1bd8978', '73');
insert into sys_role_menu (role_id, menu_id) values ('67de734334b74c83b3c13969c1bd8978', '74');
insert into sys_role_menu (role_id, menu_id) values ('67de734334b74c83b3c13969c1bd8978', '8');
insert into sys_role_menu (role_id, menu_id) values ('67de734334b74c83b3c13969c1bd8978', '84');
insert into sys_role_menu (role_id, menu_id) values ('67de734334b74c83b3c13969c1bd8978', '88');
insert into sys_role_menu (role_id, menu_id) values ('67de734334b74c83b3c13969c1bd8978', '89');
insert into sys_role_menu (role_id, menu_id) values ('67de734334b74c83b3c13969c1bd8978', '9');
insert into sys_role_menu (role_id, menu_id) values ('67de734334b74c83b3c13969c1bd8978', '90');
insert into sys_role_menu (role_id, menu_id) values ('75f75f7af5094ab98770d38a5f8e5c53', '0350bce1a1de45c1a68712ae4ffd9421');
insert into sys_role_menu (role_id, menu_id) values ('75f75f7af5094ab98770d38a5f8e5c53', '1');
insert into sys_role_menu (role_id, menu_id) values ('75f75f7af5094ab98770d38a5f8e5c53', '1abb1b1f174e40649403be881d04004b');
insert into sys_role_menu (role_id, menu_id) values ('75f75f7af5094ab98770d38a5f8e5c53', '27');
insert into sys_role_menu (role_id, menu_id) values ('75f75f7af5094ab98770d38a5f8e5c53', '28');
insert into sys_role_menu (role_id, menu_id) values ('75f75f7af5094ab98770d38a5f8e5c53', '29');
insert into sys_role_menu (role_id, menu_id) values ('75f75f7af5094ab98770d38a5f8e5c53', '30');
insert into sys_role_menu (role_id, menu_id) values ('75f75f7af5094ab98770d38a5f8e5c53', '3c2846d692234eada61e5c2cf680e197');
insert into sys_role_menu (role_id, menu_id) values ('75f75f7af5094ab98770d38a5f8e5c53', '47955988cae7482fa485a3cd878ed62c');
insert into sys_role_menu (role_id, menu_id) values ('75f75f7af5094ab98770d38a5f8e5c53', '50394ffd6fad436fb2ac4f34e83cfa4d');
insert into sys_role_menu (role_id, menu_id) values ('75f75f7af5094ab98770d38a5f8e5c53', '57');
insert into sys_role_menu (role_id, menu_id) values ('75f75f7af5094ab98770d38a5f8e5c53', '58');
insert into sys_role_menu (role_id, menu_id) values ('75f75f7af5094ab98770d38a5f8e5c53', '59');
insert into sys_role_menu (role_id, menu_id) values ('75f75f7af5094ab98770d38a5f8e5c53', '62');
insert into sys_role_menu (role_id, menu_id) values ('75f75f7af5094ab98770d38a5f8e5c53', '7e4fbd89d594402788be7f3e3bf572a0');
insert into sys_role_menu (role_id, menu_id) values ('75f75f7af5094ab98770d38a5f8e5c53', '88');
insert into sys_role_menu (role_id, menu_id) values ('75f75f7af5094ab98770d38a5f8e5c53', '89');
insert into sys_role_menu (role_id, menu_id) values ('75f75f7af5094ab98770d38a5f8e5c53', '8cb47ba815b34dbabbf75b30f4d6e712');
insert into sys_role_menu (role_id, menu_id) values ('75f75f7af5094ab98770d38a5f8e5c53', '90');
insert into sys_role_menu (role_id, menu_id) values ('75f75f7af5094ab98770d38a5f8e5c53', 'ac28812bd4894f32ad544f3a74cd750b');
insert into sys_role_menu (role_id, menu_id) values ('75f75f7af5094ab98770d38a5f8e5c53', 'bbf8ee7f7d8c45b68585f939d7ebc4fe');
insert into sys_role_menu (role_id, menu_id) values ('75f75f7af5094ab98770d38a5f8e5c53', 'd1c20a5c4ec74f4d99708d50a333d1b3');
insert into sys_role_menu (role_id, menu_id) values ('83e0c3152e2c4a28b222ff428a1ec782', '1');
insert into sys_role_menu (role_id, menu_id) values ('83e0c3152e2c4a28b222ff428a1ec782', '27');
insert into sys_role_menu (role_id, menu_id) values ('83e0c3152e2c4a28b222ff428a1ec782', '28');
insert into sys_role_menu (role_id, menu_id) values ('83e0c3152e2c4a28b222ff428a1ec782', '29');
insert into sys_role_menu (role_id, menu_id) values ('83e0c3152e2c4a28b222ff428a1ec782', '30');
insert into sys_role_menu (role_id, menu_id) values ('83e0c3152e2c4a28b222ff428a1ec782', '56');
insert into sys_role_menu (role_id, menu_id) values ('83e0c3152e2c4a28b222ff428a1ec782', '57');
insert into sys_role_menu (role_id, menu_id) values ('83e0c3152e2c4a28b222ff428a1ec782', '58');
insert into sys_role_menu (role_id, menu_id) values ('83e0c3152e2c4a28b222ff428a1ec782', '59');
insert into sys_role_menu (role_id, menu_id) values ('83e0c3152e2c4a28b222ff428a1ec782', '62');
insert into sys_role_menu (role_id, menu_id) values ('83e0c3152e2c4a28b222ff428a1ec782', '63');
insert into sys_role_menu (role_id, menu_id) values ('83e0c3152e2c4a28b222ff428a1ec782', '64');
insert into sys_role_menu (role_id, menu_id) values ('83e0c3152e2c4a28b222ff428a1ec782', '65');
insert into sys_role_menu (role_id, menu_id) values ('83e0c3152e2c4a28b222ff428a1ec782', '66');
insert into sys_role_menu (role_id, menu_id) values ('83e0c3152e2c4a28b222ff428a1ec782', '69');
insert into sys_role_menu (role_id, menu_id) values ('83e0c3152e2c4a28b222ff428a1ec782', '70');
insert into sys_role_menu (role_id, menu_id) values ('83e0c3152e2c4a28b222ff428a1ec782', '71');
insert into sys_role_menu (role_id, menu_id) values ('83e0c3152e2c4a28b222ff428a1ec782', '72');
insert into sys_role_menu (role_id, menu_id) values ('83e0c3152e2c4a28b222ff428a1ec782', '73');
insert into sys_role_menu (role_id, menu_id) values ('83e0c3152e2c4a28b222ff428a1ec782', '74');
insert into sys_role_menu (role_id, menu_id) values ('83e0c3152e2c4a28b222ff428a1ec782', '88');
insert into sys_role_menu (role_id, menu_id) values ('83e0c3152e2c4a28b222ff428a1ec782', '89');
insert into sys_role_menu (role_id, menu_id) values ('83e0c3152e2c4a28b222ff428a1ec782', '90');
insert into sys_role_menu (role_id, menu_id) values ('a793a8a337ab4e3cbee23e9f72180b67', '0350bce1a1de45c1a68712ae4ffd9421');
insert into sys_role_menu (role_id, menu_id) values ('a793a8a337ab4e3cbee23e9f72180b67', '0b2ebd4d639e4c2b83c2dd0764522f24');
insert into sys_role_menu (role_id, menu_id) values ('a793a8a337ab4e3cbee23e9f72180b67', '0ca004d6b1bf4bcab9670a5060d82a55');
insert into sys_role_menu (role_id, menu_id) values ('a793a8a337ab4e3cbee23e9f72180b67', '1');
insert into sys_role_menu (role_id, menu_id) values ('a793a8a337ab4e3cbee23e9f72180b67', '10');
insert into sys_role_menu (role_id, menu_id) values ('a793a8a337ab4e3cbee23e9f72180b67', '11');
insert into sys_role_menu (role_id, menu_id) values ('a793a8a337ab4e3cbee23e9f72180b67', '12');
insert into sys_role_menu (role_id, menu_id) values ('a793a8a337ab4e3cbee23e9f72180b67', '13');
insert into sys_role_menu (role_id, menu_id) values ('a793a8a337ab4e3cbee23e9f72180b67', '14');
insert into sys_role_menu (role_id, menu_id) values ('a793a8a337ab4e3cbee23e9f72180b67', '15');
insert into sys_role_menu (role_id, menu_id) values ('a793a8a337ab4e3cbee23e9f72180b67', '16');
insert into sys_role_menu (role_id, menu_id) values ('a793a8a337ab4e3cbee23e9f72180b67', '17');
insert into sys_role_menu (role_id, menu_id) values ('a793a8a337ab4e3cbee23e9f72180b67', '18');
insert into sys_role_menu (role_id, menu_id) values ('a793a8a337ab4e3cbee23e9f72180b67', '19');
insert into sys_role_menu (role_id, menu_id) values ('a793a8a337ab4e3cbee23e9f72180b67', '1abb1b1f174e40649403be881d04004b');
insert into sys_role_menu (role_id, menu_id) values ('a793a8a337ab4e3cbee23e9f72180b67', '2');
insert into sys_role_menu (role_id, menu_id) values ('a793a8a337ab4e3cbee23e9f72180b67', '20');
insert into sys_role_menu (role_id, menu_id) values ('a793a8a337ab4e3cbee23e9f72180b67', '21');
insert into sys_role_menu (role_id, menu_id) values ('a793a8a337ab4e3cbee23e9f72180b67', '22');
insert into sys_role_menu (role_id, menu_id) values ('a793a8a337ab4e3cbee23e9f72180b67', '27');
insert into sys_role_menu (role_id, menu_id) values ('a793a8a337ab4e3cbee23e9f72180b67', '28');
insert into sys_role_menu (role_id, menu_id) values ('a793a8a337ab4e3cbee23e9f72180b67', '29');
insert into sys_role_menu (role_id, menu_id) values ('a793a8a337ab4e3cbee23e9f72180b67', '3');
insert into sys_role_menu (role_id, menu_id) values ('a793a8a337ab4e3cbee23e9f72180b67', '30');
insert into sys_role_menu (role_id, menu_id) values ('a793a8a337ab4e3cbee23e9f72180b67', '3c2846d692234eada61e5c2cf680e197');
insert into sys_role_menu (role_id, menu_id) values ('a793a8a337ab4e3cbee23e9f72180b67', '3c92c17886944d0687e73e286cada573');
insert into sys_role_menu (role_id, menu_id) values ('a793a8a337ab4e3cbee23e9f72180b67', '4');
insert into sys_role_menu (role_id, menu_id) values ('a793a8a337ab4e3cbee23e9f72180b67', '47955988cae7482fa485a3cd878ed62c');
insert into sys_role_menu (role_id, menu_id) values ('a793a8a337ab4e3cbee23e9f72180b67', '4855cf3b25c244fb8500a380db189d97');
insert into sys_role_menu (role_id, menu_id) values ('a793a8a337ab4e3cbee23e9f72180b67', '5');
insert into sys_role_menu (role_id, menu_id) values ('a793a8a337ab4e3cbee23e9f72180b67', '50394ffd6fad436fb2ac4f34e83cfa4d');
insert into sys_role_menu (role_id, menu_id) values ('a793a8a337ab4e3cbee23e9f72180b67', '6');
insert into sys_role_menu (role_id, menu_id) values ('a793a8a337ab4e3cbee23e9f72180b67', '62');
insert into sys_role_menu (role_id, menu_id) values ('a793a8a337ab4e3cbee23e9f72180b67', '67');
insert into sys_role_menu (role_id, menu_id) values ('a793a8a337ab4e3cbee23e9f72180b67', '68');
insert into sys_role_menu (role_id, menu_id) values ('a793a8a337ab4e3cbee23e9f72180b67', '7');
insert into sys_role_menu (role_id, menu_id) values ('a793a8a337ab4e3cbee23e9f72180b67', '79');
insert into sys_role_menu (role_id, menu_id) values ('a793a8a337ab4e3cbee23e9f72180b67', '7e4fbd89d594402788be7f3e3bf572a0');
insert into sys_role_menu (role_id, menu_id) values ('a793a8a337ab4e3cbee23e9f72180b67', '8');
insert into sys_role_menu (role_id, menu_id) values ('a793a8a337ab4e3cbee23e9f72180b67', '80');
insert into sys_role_menu (role_id, menu_id) values ('a793a8a337ab4e3cbee23e9f72180b67', '81');
insert into sys_role_menu (role_id, menu_id) values ('a793a8a337ab4e3cbee23e9f72180b67', '82');
insert into sys_role_menu (role_id, menu_id) values ('a793a8a337ab4e3cbee23e9f72180b67', '84');
insert into sys_role_menu (role_id, menu_id) values ('a793a8a337ab4e3cbee23e9f72180b67', '88');
insert into sys_role_menu (role_id, menu_id) values ('a793a8a337ab4e3cbee23e9f72180b67', '89');
insert into sys_role_menu (role_id, menu_id) values ('a793a8a337ab4e3cbee23e9f72180b67', '8cb47ba815b34dbabbf75b30f4d6e712');
insert into sys_role_menu (role_id, menu_id) values ('a793a8a337ab4e3cbee23e9f72180b67', '9');
insert into sys_role_menu (role_id, menu_id) values ('a793a8a337ab4e3cbee23e9f72180b67', '90');
insert into sys_role_menu (role_id, menu_id) values ('a793a8a337ab4e3cbee23e9f72180b67', 'ac28812bd4894f32ad544f3a74cd750b');
insert into sys_role_menu (role_id, menu_id) values ('a793a8a337ab4e3cbee23e9f72180b67', 'afab2db430e2457f9cf3a11feaa8b869');
insert into sys_role_menu (role_id, menu_id) values ('a793a8a337ab4e3cbee23e9f72180b67', 'b1f6d1b86ba24365bae7fd86c5082317');
insert into sys_role_menu (role_id, menu_id) values ('a793a8a337ab4e3cbee23e9f72180b67', 'ba8092291b40482db8fe7fc006ea3d76');
insert into sys_role_menu (role_id, menu_id) values ('a793a8a337ab4e3cbee23e9f72180b67', 'bbf8ee7f7d8c45b68585f939d7ebc4fe');
insert into sys_role_menu (role_id, menu_id) values ('a793a8a337ab4e3cbee23e9f72180b67', 'c2e4d9082a0b4386884a0b203afe2c5c');
insert into sys_role_menu (role_id, menu_id) values ('a793a8a337ab4e3cbee23e9f72180b67', 'd15ec45a4c5449c3bbd7a61d5f9dd1d2');
insert into sys_role_menu (role_id, menu_id) values ('a793a8a337ab4e3cbee23e9f72180b67', 'd1c20a5c4ec74f4d99708d50a333d1b3');
insert into sys_role_menu (role_id, menu_id) values ('a793a8a337ab4e3cbee23e9f72180b67', 'df7ce823c5b24ff9bada43d992f373e2');
insert into sys_role_menu (role_id, menu_id) values ('a811bde478cf4a1eb1ac6b2d842c0978', '0350bce1a1de45c1a68712ae4ffd9421');
insert into sys_role_menu (role_id, menu_id) values ('a811bde478cf4a1eb1ac6b2d842c0978', '1');
insert into sys_role_menu (role_id, menu_id) values ('a811bde478cf4a1eb1ac6b2d842c0978', '1abb1b1f174e40649403be881d04004b');
insert into sys_role_menu (role_id, menu_id) values ('a811bde478cf4a1eb1ac6b2d842c0978', '27');
insert into sys_role_menu (role_id, menu_id) values ('a811bde478cf4a1eb1ac6b2d842c0978', '28');
insert into sys_role_menu (role_id, menu_id) values ('a811bde478cf4a1eb1ac6b2d842c0978', '29');
insert into sys_role_menu (role_id, menu_id) values ('a811bde478cf4a1eb1ac6b2d842c0978', '30');
insert into sys_role_menu (role_id, menu_id) values ('a811bde478cf4a1eb1ac6b2d842c0978', '3c2846d692234eada61e5c2cf680e197');
insert into sys_role_menu (role_id, menu_id) values ('a811bde478cf4a1eb1ac6b2d842c0978', '47955988cae7482fa485a3cd878ed62c');
insert into sys_role_menu (role_id, menu_id) values ('a811bde478cf4a1eb1ac6b2d842c0978', '50394ffd6fad436fb2ac4f34e83cfa4d');
insert into sys_role_menu (role_id, menu_id) values ('a811bde478cf4a1eb1ac6b2d842c0978', '62');
insert into sys_role_menu (role_id, menu_id) values ('a811bde478cf4a1eb1ac6b2d842c0978', '7e4fbd89d594402788be7f3e3bf572a0');
insert into sys_role_menu (role_id, menu_id) values ('a811bde478cf4a1eb1ac6b2d842c0978', '88');
insert into sys_role_menu (role_id, menu_id) values ('a811bde478cf4a1eb1ac6b2d842c0978', '89');
insert into sys_role_menu (role_id, menu_id) values ('a811bde478cf4a1eb1ac6b2d842c0978', '8cb47ba815b34dbabbf75b30f4d6e712');
insert into sys_role_menu (role_id, menu_id) values ('a811bde478cf4a1eb1ac6b2d842c0978', '90');
insert into sys_role_menu (role_id, menu_id) values ('a811bde478cf4a1eb1ac6b2d842c0978', 'ac28812bd4894f32ad544f3a74cd750b');
insert into sys_role_menu (role_id, menu_id) values ('a811bde478cf4a1eb1ac6b2d842c0978', 'bbf8ee7f7d8c45b68585f939d7ebc4fe');
insert into sys_role_menu (role_id, menu_id) values ('a811bde478cf4a1eb1ac6b2d842c0978', 'd1c20a5c4ec74f4d99708d50a333d1b3');
insert into sys_role_menu (role_id, menu_id) values ('e047ad4a9462407ca5f8abf0d34420a8', '0350bce1a1de45c1a68712ae4ffd9421');
insert into sys_role_menu (role_id, menu_id) values ('e047ad4a9462407ca5f8abf0d34420a8', '1');
insert into sys_role_menu (role_id, menu_id) values ('e047ad4a9462407ca5f8abf0d34420a8', '1abb1b1f174e40649403be881d04004b');
insert into sys_role_menu (role_id, menu_id) values ('e047ad4a9462407ca5f8abf0d34420a8', '27');
insert into sys_role_menu (role_id, menu_id) values ('e047ad4a9462407ca5f8abf0d34420a8', '28');
insert into sys_role_menu (role_id, menu_id) values ('e047ad4a9462407ca5f8abf0d34420a8', '29');
insert into sys_role_menu (role_id, menu_id) values ('e047ad4a9462407ca5f8abf0d34420a8', '30');
insert into sys_role_menu (role_id, menu_id) values ('e047ad4a9462407ca5f8abf0d34420a8', '3c2846d692234eada61e5c2cf680e197');
insert into sys_role_menu (role_id, menu_id) values ('e047ad4a9462407ca5f8abf0d34420a8', '47955988cae7482fa485a3cd878ed62c');
insert into sys_role_menu (role_id, menu_id) values ('e047ad4a9462407ca5f8abf0d34420a8', '50394ffd6fad436fb2ac4f34e83cfa4d');
insert into sys_role_menu (role_id, menu_id) values ('e047ad4a9462407ca5f8abf0d34420a8', '62');
insert into sys_role_menu (role_id, menu_id) values ('e047ad4a9462407ca5f8abf0d34420a8', '7e4fbd89d594402788be7f3e3bf572a0');
insert into sys_role_menu (role_id, menu_id) values ('e047ad4a9462407ca5f8abf0d34420a8', '88');
insert into sys_role_menu (role_id, menu_id) values ('e047ad4a9462407ca5f8abf0d34420a8', '89');
insert into sys_role_menu (role_id, menu_id) values ('e047ad4a9462407ca5f8abf0d34420a8', '8cb47ba815b34dbabbf75b30f4d6e712');
insert into sys_role_menu (role_id, menu_id) values ('e047ad4a9462407ca5f8abf0d34420a8', '90');
insert into sys_role_menu (role_id, menu_id) values ('e047ad4a9462407ca5f8abf0d34420a8', 'ac28812bd4894f32ad544f3a74cd750b');
insert into sys_role_menu (role_id, menu_id) values ('e047ad4a9462407ca5f8abf0d34420a8', 'bbf8ee7f7d8c45b68585f939d7ebc4fe');
insert into sys_role_menu (role_id, menu_id) values ('e047ad4a9462407ca5f8abf0d34420a8', 'd1c20a5c4ec74f4d99708d50a333d1b3');
insert into sys_role_menu (role_id, menu_id) values ('e5e38669f7a7456aba9189d190ff433e', '0350bce1a1de45c1a68712ae4ffd9421');
insert into sys_role_menu (role_id, menu_id) values ('e5e38669f7a7456aba9189d190ff433e', '1');
insert into sys_role_menu (role_id, menu_id) values ('e5e38669f7a7456aba9189d190ff433e', '10');
insert into sys_role_menu (role_id, menu_id) values ('e5e38669f7a7456aba9189d190ff433e', '11');
insert into sys_role_menu (role_id, menu_id) values ('e5e38669f7a7456aba9189d190ff433e', '12');
insert into sys_role_menu (role_id, menu_id) values ('e5e38669f7a7456aba9189d190ff433e', '13');
insert into sys_role_menu (role_id, menu_id) values ('e5e38669f7a7456aba9189d190ff433e', '14');
insert into sys_role_menu (role_id, menu_id) values ('e5e38669f7a7456aba9189d190ff433e', '15');
insert into sys_role_menu (role_id, menu_id) values ('e5e38669f7a7456aba9189d190ff433e', '16');
insert into sys_role_menu (role_id, menu_id) values ('e5e38669f7a7456aba9189d190ff433e', '17');
insert into sys_role_menu (role_id, menu_id) values ('e5e38669f7a7456aba9189d190ff433e', '18');
insert into sys_role_menu (role_id, menu_id) values ('e5e38669f7a7456aba9189d190ff433e', '19');
insert into sys_role_menu (role_id, menu_id) values ('e5e38669f7a7456aba9189d190ff433e', '1abb1b1f174e40649403be881d04004b');
insert into sys_role_menu (role_id, menu_id) values ('e5e38669f7a7456aba9189d190ff433e', '2');
insert into sys_role_menu (role_id, menu_id) values ('e5e38669f7a7456aba9189d190ff433e', '20');
insert into sys_role_menu (role_id, menu_id) values ('e5e38669f7a7456aba9189d190ff433e', '21');
insert into sys_role_menu (role_id, menu_id) values ('e5e38669f7a7456aba9189d190ff433e', '22');
insert into sys_role_menu (role_id, menu_id) values ('e5e38669f7a7456aba9189d190ff433e', '27');
insert into sys_role_menu (role_id, menu_id) values ('e5e38669f7a7456aba9189d190ff433e', '28');
insert into sys_role_menu (role_id, menu_id) values ('e5e38669f7a7456aba9189d190ff433e', '29');
insert into sys_role_menu (role_id, menu_id) values ('e5e38669f7a7456aba9189d190ff433e', '3');
insert into sys_role_menu (role_id, menu_id) values ('e5e38669f7a7456aba9189d190ff433e', '30');
insert into sys_role_menu (role_id, menu_id) values ('e5e38669f7a7456aba9189d190ff433e', '3c2846d692234eada61e5c2cf680e197');
insert into sys_role_menu (role_id, menu_id) values ('e5e38669f7a7456aba9189d190ff433e', '4');
insert into sys_role_menu (role_id, menu_id) values ('e5e38669f7a7456aba9189d190ff433e', '47955988cae7482fa485a3cd878ed62c');
insert into sys_role_menu (role_id, menu_id) values ('e5e38669f7a7456aba9189d190ff433e', '5');
insert into sys_role_menu (role_id, menu_id) values ('e5e38669f7a7456aba9189d190ff433e', '50394ffd6fad436fb2ac4f34e83cfa4d');
insert into sys_role_menu (role_id, menu_id) values ('e5e38669f7a7456aba9189d190ff433e', '6');
insert into sys_role_menu (role_id, menu_id) values ('e5e38669f7a7456aba9189d190ff433e', '62');
insert into sys_role_menu (role_id, menu_id) values ('e5e38669f7a7456aba9189d190ff433e', '67');
insert into sys_role_menu (role_id, menu_id) values ('e5e38669f7a7456aba9189d190ff433e', '68');
insert into sys_role_menu (role_id, menu_id) values ('e5e38669f7a7456aba9189d190ff433e', '7');
insert into sys_role_menu (role_id, menu_id) values ('e5e38669f7a7456aba9189d190ff433e', '7e4fbd89d594402788be7f3e3bf572a0');
insert into sys_role_menu (role_id, menu_id) values ('e5e38669f7a7456aba9189d190ff433e', '8');
insert into sys_role_menu (role_id, menu_id) values ('e5e38669f7a7456aba9189d190ff433e', '84');
insert into sys_role_menu (role_id, menu_id) values ('e5e38669f7a7456aba9189d190ff433e', '88');
insert into sys_role_menu (role_id, menu_id) values ('e5e38669f7a7456aba9189d190ff433e', '89');
insert into sys_role_menu (role_id, menu_id) values ('e5e38669f7a7456aba9189d190ff433e', '8cb47ba815b34dbabbf75b30f4d6e712');
insert into sys_role_menu (role_id, menu_id) values ('e5e38669f7a7456aba9189d190ff433e', '9');
insert into sys_role_menu (role_id, menu_id) values ('e5e38669f7a7456aba9189d190ff433e', '90');
insert into sys_role_menu (role_id, menu_id) values ('e5e38669f7a7456aba9189d190ff433e', '9c02c698b1e543c6bf6e156bf6f453c4');
insert into sys_role_menu (role_id, menu_id) values ('e5e38669f7a7456aba9189d190ff433e', 'ac28812bd4894f32ad544f3a74cd750b');
insert into sys_role_menu (role_id, menu_id) values ('e5e38669f7a7456aba9189d190ff433e', 'bbf8ee7f7d8c45b68585f939d7ebc4fe');
insert into sys_role_menu (role_id, menu_id) values ('e5e38669f7a7456aba9189d190ff433e', 'd1c20a5c4ec74f4d99708d50a333d1b3');
insert into sys_role_menu (role_id, menu_id) values ('fb1a7e0632ca491eb423d4dafcf2ca3e', '0350bce1a1de45c1a68712ae4ffd9421');
insert into sys_role_menu (role_id, menu_id) values ('fb1a7e0632ca491eb423d4dafcf2ca3e', '1');
insert into sys_role_menu (role_id, menu_id) values ('fb1a7e0632ca491eb423d4dafcf2ca3e', '10');
insert into sys_role_menu (role_id, menu_id) values ('fb1a7e0632ca491eb423d4dafcf2ca3e', '11');
insert into sys_role_menu (role_id, menu_id) values ('fb1a7e0632ca491eb423d4dafcf2ca3e', '12');
insert into sys_role_menu (role_id, menu_id) values ('fb1a7e0632ca491eb423d4dafcf2ca3e', '13');
insert into sys_role_menu (role_id, menu_id) values ('fb1a7e0632ca491eb423d4dafcf2ca3e', '14');
insert into sys_role_menu (role_id, menu_id) values ('fb1a7e0632ca491eb423d4dafcf2ca3e', '15');
insert into sys_role_menu (role_id, menu_id) values ('fb1a7e0632ca491eb423d4dafcf2ca3e', '16');
insert into sys_role_menu (role_id, menu_id) values ('fb1a7e0632ca491eb423d4dafcf2ca3e', '17');
insert into sys_role_menu (role_id, menu_id) values ('fb1a7e0632ca491eb423d4dafcf2ca3e', '18');
insert into sys_role_menu (role_id, menu_id) values ('fb1a7e0632ca491eb423d4dafcf2ca3e', '19');
insert into sys_role_menu (role_id, menu_id) values ('fb1a7e0632ca491eb423d4dafcf2ca3e', '1abb1b1f174e40649403be881d04004b');
insert into sys_role_menu (role_id, menu_id) values ('fb1a7e0632ca491eb423d4dafcf2ca3e', '2');
insert into sys_role_menu (role_id, menu_id) values ('fb1a7e0632ca491eb423d4dafcf2ca3e', '20');
insert into sys_role_menu (role_id, menu_id) values ('fb1a7e0632ca491eb423d4dafcf2ca3e', '21');
insert into sys_role_menu (role_id, menu_id) values ('fb1a7e0632ca491eb423d4dafcf2ca3e', '22');
insert into sys_role_menu (role_id, menu_id) values ('fb1a7e0632ca491eb423d4dafcf2ca3e', '27');
insert into sys_role_menu (role_id, menu_id) values ('fb1a7e0632ca491eb423d4dafcf2ca3e', '28');
insert into sys_role_menu (role_id, menu_id) values ('fb1a7e0632ca491eb423d4dafcf2ca3e', '29');
insert into sys_role_menu (role_id, menu_id) values ('fb1a7e0632ca491eb423d4dafcf2ca3e', '3');
insert into sys_role_menu (role_id, menu_id) values ('fb1a7e0632ca491eb423d4dafcf2ca3e', '30');
insert into sys_role_menu (role_id, menu_id) values ('fb1a7e0632ca491eb423d4dafcf2ca3e', '3c2846d692234eada61e5c2cf680e197');
insert into sys_role_menu (role_id, menu_id) values ('fb1a7e0632ca491eb423d4dafcf2ca3e', '4');
insert into sys_role_menu (role_id, menu_id) values ('fb1a7e0632ca491eb423d4dafcf2ca3e', '47955988cae7482fa485a3cd878ed62c');
insert into sys_role_menu (role_id, menu_id) values ('fb1a7e0632ca491eb423d4dafcf2ca3e', '5');
insert into sys_role_menu (role_id, menu_id) values ('fb1a7e0632ca491eb423d4dafcf2ca3e', '50394ffd6fad436fb2ac4f34e83cfa4d');
insert into sys_role_menu (role_id, menu_id) values ('fb1a7e0632ca491eb423d4dafcf2ca3e', '6');
insert into sys_role_menu (role_id, menu_id) values ('fb1a7e0632ca491eb423d4dafcf2ca3e', '62');
insert into sys_role_menu (role_id, menu_id) values ('fb1a7e0632ca491eb423d4dafcf2ca3e', '67');
insert into sys_role_menu (role_id, menu_id) values ('fb1a7e0632ca491eb423d4dafcf2ca3e', '68');
insert into sys_role_menu (role_id, menu_id) values ('fb1a7e0632ca491eb423d4dafcf2ca3e', '7');
insert into sys_role_menu (role_id, menu_id) values ('fb1a7e0632ca491eb423d4dafcf2ca3e', '7e4fbd89d594402788be7f3e3bf572a0');
insert into sys_role_menu (role_id, menu_id) values ('fb1a7e0632ca491eb423d4dafcf2ca3e', '8');
insert into sys_role_menu (role_id, menu_id) values ('fb1a7e0632ca491eb423d4dafcf2ca3e', '84');
insert into sys_role_menu (role_id, menu_id) values ('fb1a7e0632ca491eb423d4dafcf2ca3e', '88');
insert into sys_role_menu (role_id, menu_id) values ('fb1a7e0632ca491eb423d4dafcf2ca3e', '89');
insert into sys_role_menu (role_id, menu_id) values ('fb1a7e0632ca491eb423d4dafcf2ca3e', '8cb47ba815b34dbabbf75b30f4d6e712');
insert into sys_role_menu (role_id, menu_id) values ('fb1a7e0632ca491eb423d4dafcf2ca3e', '9');
insert into sys_role_menu (role_id, menu_id) values ('fb1a7e0632ca491eb423d4dafcf2ca3e', '90');
insert into sys_role_menu (role_id, menu_id) values ('fb1a7e0632ca491eb423d4dafcf2ca3e', '9c02c698b1e543c6bf6e156bf6f453c4');
insert into sys_role_menu (role_id, menu_id) values ('fb1a7e0632ca491eb423d4dafcf2ca3e', 'ac28812bd4894f32ad544f3a74cd750b');
insert into sys_role_menu (role_id, menu_id) values ('fb1a7e0632ca491eb423d4dafcf2ca3e', 'bbf8ee7f7d8c45b68585f939d7ebc4fe');
insert into sys_role_menu (role_id, menu_id) values ('fb1a7e0632ca491eb423d4dafcf2ca3e', 'd1c20a5c4ec74f4d99708d50a333d1b3');
DROP TABLE sys_role_office;
CREATE TABLE sys_role_office ( role_id varchar(64) NOT NULL COMMENT '角色编号', office_id varchar(64) NOT NULL COMMENT '机构编号', PRIMARY KEY (role_id, office_id) ) ENGINE=InnoDB DEFAULT CHARSET=utf8 COMMENT='角色-机构';
insert into sys_role_office (role_id, office_id) values ('7', '10');
insert into sys_role_office (role_id, office_id) values ('7', '11');
insert into sys_role_office (role_id, office_id) values ('7', '12');
insert into sys_role_office (role_id, office_id) values ('7', '13');
insert into sys_role_office (role_id, office_id) values ('7', '14');
insert into sys_role_office (role_id, office_id) values ('7', '15');
insert into sys_role_office (role_id, office_id) values ('7', '16');
insert into sys_role_office (role_id, office_id) values ('7', '17');
insert into sys_role_office (role_id, office_id) values ('7', '18');
insert into sys_role_office (role_id, office_id) values ('7', '19');
insert into sys_role_office (role_id, office_id) values ('7', '20');
insert into sys_role_office (role_id, office_id) values ('7', '21');
insert into sys_role_office (role_id, office_id) values ('7', '22');
insert into sys_role_office (role_id, office_id) values ('7', '23');
insert into sys_role_office (role_id, office_id) values ('7', '24');
insert into sys_role_office (role_id, office_id) values ('7', '25');
insert into sys_role_office (role_id, office_id) values ('7', '26');
insert into sys_role_office (role_id, office_id) values ('7', '7');
insert into sys_role_office (role_id, office_id) values ('7', '8');
insert into sys_role_office (role_id, office_id) values ('7', '9');
DROP TABLE sys_user;
CREATE TABLE sys_user ( id varchar(64) NOT NULL COMMENT '编号', company_id varchar(64) NOT NULL COMMENT '归属公司', office_id varchar(64) NOT NULL COMMENT '归属部门', login_name varchar(100) NOT NULL COMMENT '登录名', password varchar(100) NOT NULL COMMENT '密码', no varchar(100) COMMENT '工号', name varchar(100) NOT NULL COMMENT '姓名', email varchar(200) COMMENT '邮箱', phone varchar(200) COMMENT '电话', mobile varchar(200) COMMENT '手机', user_type char(1) COMMENT '用户类型', photo varchar(1000) COMMENT '用户头像', login_ip varchar(100) COMMENT '最后登陆IP', login_date datetime COMMENT '最后登陆时间', login_flag varchar(64) COMMENT '是否可登录', create_by varchar(64) NOT NULL COMMENT '创建者', create_date datetime NOT NULL COMMENT '创建时间', update_by varchar(64) NOT NULL COMMENT '更新者', update_date datetime NOT NULL COMMENT '更新时间', remarks varchar(255) COMMENT '备注信息', del_flag char(1) DEFAULT '0' NOT NULL COMMENT '删除标记', PRIMARY KEY (id) ) ENGINE=InnoDB DEFAULT CHARSET=utf8 COMMENT='用户表';
insert into sys_user (id, company_id, office_id, login_name, password, no, name, email, phone, mobile, user_type, photo, login_ip, login_date, login_flag, create_by, create_date, update_by, update_date, remarks, del_flag) values ('1', 'c99feb5a9d044e24b03373ea8728ed49', 'c99feb5a9d044e24b03373ea8728ed49', 'admin', '02a3f0772fcca9f415adc990734b45c6f059c7d33ee28362c4852032', '0001', '系统管理员', 'seam@u-choice.net', '', '', '1', '/conveyor/userfiles/1/images/photo/2017/08/Penguins.jpg', '0:0:0:0:0:0:0:1', '2017-08-12 21:00:13', '1', '1', '2013-05-27 08:00:00', '1', '2017-08-12 16:52:01', '最高管理员', '0');
DROP TABLE sys_user_role;
CREATE TABLE sys_user_role ( user_id varchar(64) NOT NULL COMMENT '用户编号', role_id varchar(64) NOT NULL COMMENT '角色编号', PRIMARY KEY (user_id, role_id) ) ENGINE=InnoDB DEFAULT CHARSET=utf8 COMMENT='用户-角色';
insert into sys_user_role (user_id, role_id) values ('015e9bccb44d42c68a896bef6ede78c2', '1');
insert into sys_user_role (user_id, role_id) values ('015e9bccb44d42c68a896bef6ede78c2', '4');
insert into sys_user_role (user_id, role_id) values ('015e9bccb44d42c68a896bef6ede78c2', '5');
insert into sys_user_role (user_id, role_id) values ('1', 'fb1a7e0632ca491eb423d4dafcf2ca3e');
insert into sys_user_role (user_id, role_id) values ('10', '2');
insert into sys_user_role (user_id, role_id) values ('11', '3');
insert into sys_user_role (user_id, role_id) values ('12', '4');
insert into sys_user_role (user_id, role_id) values ('13', '5');
insert into sys_user_role (user_id, role_id) values ('14', '6');
insert into sys_user_role (user_id, role_id) values ('2', '1');
insert into sys_user_role (user_id, role_id) values ('3', '2');
insert into sys_user_role (user_id, role_id) values ('4', '3');
insert into sys_user_role (user_id, role_id) values ('4351a10c5475453da9b1449ccdbb32b2', 'fb1a7e0632ca491eb423d4dafcf2ca3e');
insert into sys_user_role (user_id, role_id) values ('5', '4');
insert into sys_user_role (user_id, role_id) values ('5806b308edb04ac2873cdb5c79a8a320', '83e0c3152e2c4a28b222ff428a1ec782');
insert into sys_user_role (user_id, role_id) values ('6', '5');
insert into sys_user_role (user_id, role_id) values ('7', '2');
insert into sys_user_role (user_id, role_id) values ('7', '7');
insert into sys_user_role (user_id, role_id) values ('701ed49f025b45bcb117a02bd2be993f', 'e5e38669f7a7456aba9189d190ff433e');
insert into sys_user_role (user_id, role_id) values ('8', '2');
insert into sys_user_role (user_id, role_id) values ('9', '1');
insert into sys_user_role (user_id, role_id) values ('a5dd042efbc343ca91b7fc743a7d5511', '1');
insert into sys_user_role (user_id, role_id) values ('a5dd042efbc343ca91b7fc743a7d5511', '3');
insert into sys_user_role (user_id, role_id) values ('bc1872aa318a4d35bcea9d91238d0795', 'e047ad4a9462407ca5f8abf0d34420a8');
insert into sys_user_role (user_id, role_id) values ('cf0d433968634f40bd673f7abe4c076a', '67de734334b74c83b3c13969c1bd8978');
insert into sys_user_role (user_id, role_id) values ('cf0d433968634f40bd673f7abe4c076a', '83e0c3152e2c4a28b222ff428a1ec782');
insert into sys_user_role (user_id, role_id) values ('dbad94c161ee4c529a3b9f7d60bd70dc', 'e047ad4a9462407ca5f8abf0d34420a8');
insert into sys_user_role (user_id, role_id) values ('e847f5be7ae04a7f9d807b1fcf88ddbb', 'a793a8a337ab4e3cbee23e9f72180b67');
insert into sys_user_role (user_id, role_id) values ('e94785711be1420fbc8b5ab0790ed07e', '2ee2c2291bc54d1ab06ffacbac3be412');
